Date,BNB-USD,BTC-USD,ETH-USD,SOL-USD
2020-04-11,0.004845315336679201,-0.0009336774645052337,-0.0012399681825301379,-0.183201995382563
2020-04-12,0.041351116367740026,0.016329994685138294,0.01849627417518529,0.13605233233534308
2020-04-13,0.045865112281266995,-0.018082418492216368,-0.030177461003746964,-0.11861101548553488
2020-04-14,0.032635047113688254,-0.0003812781513637953,0.008426140484949274,-0.14901284343772403
2020-04-15,-0.05997706770016409,-0.029275847531044064,-0.02734513160377705,-0.023075103426223542
2020-04-16,0.07597699825953907,0.07146740203164859,0.12310565300359055,0.0682979746343535
2020-04-17,0.0020603071657803174,-0.002897315751431484,-0.003013514905287895,-0.04355430113747505
2020-04-18,0.05453352024888125,0.02275595669052466,0.08899759665861406,0.030826664366898626
2020-04-19,-0.027314815932362846,-0.009402505352301915,-0.02835015946648367,-0.10883490221971936
2020-04-20,-0.0653366537567539,-0.04276646838190479,-0.05130521634525309,-0.11229077161024226
2020-04-21,0.007979167277777366,-0.00023761461322069355,0.0025568412529346496,0.09065689207628735
2020-04-22,0.03205280497087126,0.034429236680519004,0.05709163292415953,0.1768746446242231
2020-04-23,0.019948076843257834,0.043910071328696176,0.013302836854422573,-0.09274705749883716
2020-04-24,0.0006378798128616747,0.016309658285092787,0.022743865494742277,0.010813450616710574
2020-04-25,0.018043956473193123,0.002520911948821203,0.0331772757444222,0.01432737999861855
2020-04-26,0.004805155382638482,0.014522071498782596,0.009217850433584918,-0.01216026283044902
2020-04-27,0.004849116040128054,0.015069777105927384,-0.00047040529712094603,-0.09934439258748406
2020-04-28,-0.0011497467521739413,0.001469741643032707,0.006037143067803674,0.15535527156689266
2020-04-29,0.06382083390651005,0.1273180520232342,0.09350505112105334,0.12785101223507955
2020-04-30,-0.02628356819878719,-0.01618949646720247,-0.04316844161041067,-0.07346753435334552
2020-05-01,0.031174008692926858,0.023816089558295506,0.03187372256679111,0.05462595517556745
2020-05-02,0.0011335508352323664,0.013968791699848548,0.005164233538947682,-0.017725167647626994
2020-05-03,-0.026079461110591673,-0.010138170944239966,-0.020398093365129433,-0.05076439547505718
2020-05-04,-0.0014914613503583807,0.0017067266322232655,-0.013080637151445917,-0.017723816202594445
2020-05-05,-0.01058319793801299,0.010144678859214995,-0.006723281251511781,-0.03843350277948909
2020-05-06,-0.015527963263886613,0.029511199738283755,-0.013147723734789785,-0.029996736699170246
2020-05-07,0.02138155239228645,0.07366214135771076,0.04034988409481799,-0.015429249687847868
2020-05-08,0.013417653458322354,-0.010938284289408906,0.00330757754176636,-0.013142372509544864
2020-05-09,-0.017719787346621718,-0.025274608612654736,-0.006532882629624592,-0.0006529767195619929
2020-05-10,-0.09685261969918646,-0.0872915214038874,-0.10869825445616221,-0.1116460007020118
2020-05-11,-0.012952943545010642,-0.017659566044374797,-0.014245641667949727,-0.04052071407840341
2020-05-12,0.04262341494554667,0.023562712138033515,0.018286301098228597,0.04522463442379432
2020-05-13,0.02527304067427405,0.05287193516704303,0.05219297764835762,0.02219923712394878
2020-05-14,0.013564862635349728,0.05002535168149658,0.018855121721672363,0.033760144922358126
2020-05-15,-0.0368891902915488,-0.04166180495059313,-0.03609984668213273,-0.016457105704353547
2020-05-16,0.01887775158541416,0.005233209039209763,0.025837796493022314,0.07033120791218894
2020-05-17,0.016376068887928863,0.03132400103227817,0.03229848650838507,0.023148930226394526
2020-05-18,0.01971351621129558,0.005773698991511145,0.035559036772175645,0.06473365240378759
2020-05-19,0.031160737768501923,0.00025321252090737545,-0.005006147613569434,-0.04323165344686286
2020-05-20,-0.015543167521756773,-0.02117954918100662,-0.015714933991157976,-0.07254023251818342
2020-05-21,-0.04533650682179924,-0.04633209978369557,-0.04861158117206166,0.051383376429573024
2020-05-22,0.03208036749132326,0.01110086707949609,0.036449129788362455,0.04920233150330988
2020-05-23,-0.003088971621649339,0.0029087652089092586,0.007362134898328376,-0.04045232262889442
2020-05-24,-0.030428570065209937,-0.045488748514099786,-0.03030292616887509,-0.1043634225296487
2020-05-25,0.0197388534684384,0.013260696716498988,0.014574278854364575,0.09435155593811739
2020-05-26,-0.011484743392652819,-0.008070322664891605,-0.016644452016541522,-0.04585124378168681
2020-05-27,0.017316028011149065,0.039158209254817056,0.034477666422055187,0.030835177436802752
2020-05-28,0.03432035064172556,0.037548495632866885,0.05255582341240994,-0.02678575660940008
2020-05-29,-0.001038125305581672,-0.009093976247976698,0.0037968519368642983,0.00740670501062235
2020-05-30,0.041180800029368525,0.02768159825145977,0.0982007880562834,0.01470100054819623
2020-05-31,-0.039617266500413195,-0.024674768232348376,-0.046916009527802616,-0.030464384244778375
2020-06-01,0.0513172261606214,0.07464386293982206,0.06934085140049451,0.013110006480970826
2020-06-02,-0.037713669787957316,-0.06269774820259899,-0.03956692752858926,-0.02220965783230422
2020-06-03,0.017755986705552784,0.013317594606312655,0.02934109196296908,0.038875824477647036
2020-06-04,0.0011666682067150713,0.014903505382374727,0.0010118396234197746,0.0011557766427854332
2020-06-05,0.006997172617157155,-0.013785177382049874,-0.01310990485636565,0.1257553605199182
2020-06-06,-0.008641130521851448,-0.0012263695520872142,0.0029405915366731428,-0.05855202779575819
2020-06-07,-0.005069568016985215,0.010894586827723485,0.013375413294720584,-0.009422609378789915
2020-06-08,-0.003095349421701865,0.0012948980117710729,0.00466071390672762,0.08390673193057308
2020-06-09,0.0024347082676230425,0.0024777121338637187,-0.005677614763718863,-0.015428410178986995
2020-06-10,-0.001428702859232578,0.007594610876882513,0.01034452659686913,-0.01996196909227843
2020-06-11,-0.06326892379234716,-0.05555301055894357,-0.06361931932262788,-0.11029410745264401
2020-06-12,0.02208693825701058,0.01706353064227928,0.02499126432857568,0.035080226636911904
2020-06-13,0.00927428905546468,-0.0005871213994007585,0.005960735282637852,0.02538272818259668
2020-06-14,-0.009955691763783414,-0.009338962291258746,-0.020066832171668714,-0.0359080643923555
2020-06-15,-0.01629662320839409,0.006808938469139436,-0.017879231889114333,-0.027999745774361706
2020-06-16,0.0022676594855508547,0.009239764861221245,0.01951585350776286,0.026175889156728083
2020-06-17,-0.0011822526215659046,-0.006056760681470541,-0.005920639720965681,-0.006854815109623158
2020-06-18,-0.01182454274915179,-0.007216479234543938,-0.003978524779853165,0.06773830169567652
2020-06-19,-0.018601444651068944,-0.013156009327927487,-0.021382380177690008,0.10206199648624437
2020-06-20,0.008830867105093398,0.004771982890003024,0.009403835282570938,-0.05953400633000805
2020-06-21,-0.00288724975910859,-0.0030764990320015784,-0.0012406062725255351,0.04592668877947226
2020-06-22,0.02962660194575184,0.03709174751916078,0.05914396254513776,0.07977285473870688
2020-06-23,-0.0032000061126704615,-0.0019753474772544743,0.0066339911121064965,-0.02552251894831814
2020-06-24,-0.024101540564600787,-0.03282025643027875,-0.03428203573727662,0.04051550871764742
2020-06-25,-0.0064921881071382526,-0.005239308190707503,-0.01199449842812228,-0.03229336269000449
2020-06-26,-0.010895492146073438,-0.010998117562784016,-0.014065340211250277,0.03918988150009062
2020-06-27,-0.03580935940325025,-0.012826410118569775,-0.029208468909296514,-0.03723432531523807
2020-06-28,0.015464652057889161,0.010855408054862181,0.01070764753067932,0.11904873878457645
2020-06-29,0.005521569335650955,0.005170015512075743,0.012636955023823893,0.06757589264020214
2020-06-30,-0.005910908653205649,-0.005751513982724221,-0.008237992176384878,0.008962365239912007
2020-07-01,0.02698128832063129,0.00988532488788163,0.021202377597294486,-0.031917431919358474
2020-07-02,-0.01838153960937905,-0.011368806022981404,-0.00744752050491182,-0.0629598304581831
2020-07-03,-0.01586567425801344,-0.00395756024273064,-0.017459734949675898,-0.015541826398560832
2020-07-04,0.01706907932155488,0.004972274697731871,0.016358712330749814,0.015986389437224968
2020-07-05,-0.00467793356377777,-0.00641072801130238,-0.006153097654430395,-0.11367404317138019
2020-07-06,0.05274758623187892,0.0332305643833104,0.06081589777420948,0.02348538408003442
2020-07-07,0.029052102121661205,-0.01314037643510968,-0.01008111519525301,0.06376538986968217
2020-07-08,0.027276424669044674,0.019028359994139876,0.03176603807977685,0.05798434057046964
2020-07-09,-0.01989758038248257,-0.015948231171979632,-0.014813526312331904,0.07121759821812934
2020-07-10,0.022291131556230193,9.052022711308894e-05,-0.008357374289335584,0.07042800727586873
2020-07-11,0.020909699556910688,-0.004145030168397623,-0.006335704650459517,0.012110920909274236
2020-07-12,0.03486325557573422,0.003912550206798482,0.011164884814891307,0.0995993777194395
2020-07-13,0.009487405453833198,-0.003545059255915528,-0.010436943542246335,0.15640359664723147
2020-07-14,-0.017743736397126675,-4.331537576462985e-05,0.0025329360010484248,-0.023524927880316016
2020-07-15,-0.02719106238684854,-0.005450155524782674,-0.007443290455772633,0.12326982599799341
2020-07-16,-0.025431582362223093,-0.006593108913667822,-0.020059424047782937,-0.3234783228439595
2020-07-17,-0.0034337930674628314,0.002098616025556055,-0.0037142380015947607,0.1208059147656737
2020-07-18,0.0024428835582281927,0.0008356608977502233,0.01164534919888971,-0.011509088205987061
2020-07-19,0.048407848737918036,0.002923597193133398,0.01275547512299724,-0.04783242722321335
2020-07-20,-0.02623497198162017,-0.0023499201650132306,-0.009788145738083509,-0.051350070792533176
2020-07-21,0.013194359826521618,0.02298678850016933,0.037533080727248036,0.11920546438992408
2020-07-22,0.02125263889570772,0.016050921443329758,0.07009284681918926,0.06848483831860497
2020-07-23,0.032135277801498496,0.00584848921034431,0.047669180441096026,0.005513883356128568
2020-07-24,0.025683988606956865,-0.004611142289210002,0.01647814895460087,-0.051910584291785966
2020-07-25,0.03255495419272325,0.014702976045533722,0.08896836282346765,0.25807809805717485
2020-07-26,-0.012914256692431514,0.023566295475673238,0.018374375158832335,0.24986519944769858
2020-07-27,0.005087038243361652,0.1096100707382146,0.03833595396673628,0.13642875890750727
2020-07-28,0.02819620630633546,-0.007101328925793737,-0.015106155699835644,0.0030534949746250373
2020-07-29,-0.013778335857265733,0.017194865809297744,0.004843187189946141,-0.07050075842724224
2020-07-30,0.0058880153511369215,0.0009680757576464583,0.05152803741320544,0.017197292796010233
2020-07-31,0.03274968436789272,0.0191025870102548,0.032780799608892464,-0.08811266856316158
2020-08-01,0.041720510801849464,0.03851523428168302,0.11472873899322056,-0.0075205538607096
2020-08-02,-0.027196137683182187,-0.060034265575901635,-0.037715461237258996,0.14162097176407595
2020-08-03,0.053002175636747806,0.017436321777176023,0.042149003171452204,0.03431296704800024
2020-08-04,0.010318443597426175,-0.00359726129861071,0.009268358966418422,0.038293353451404055
2020-08-05,0.047285031310100534,0.04828976175167332,0.030048280137513927,-0.06255962410239813
2020-08-06,-0.026934836160069642,0.002788023660583505,-0.016505944076137702,0.2575007650375398
2020-08-07,-0.01744408440101819,-0.01513618086086388,-0.03911540565284821,-0.05459021704339717
2020-08-08,0.025393676487534877,0.013151196120374076,0.038139730716217235,0.18587730518689694
2020-08-09,-0.017596821535603602,-0.006662100973708895,-0.007276661870967205,0.07745836560198982
2020-08-10,0.006151572339106348,0.017332698670629254,0.01218836889304864,0.17505637468717516
2020-08-11,-0.060001052618971706,-0.03936534391564839,-0.039161394722536436,0.05480122402382759
2020-08-12,0.023263217578196604,0.015284938573538076,0.027972008335723553,0.14116645293753893
2020-08-13,0.014899916029640137,0.017195015111304723,0.09645854080361627,-0.0036554448216808977
2020-08-14,0.045038410850995136,-0.0012955213149429268,0.020189392691058572,-0.09227517830115162
2020-08-15,-0.0020823937400037407,0.008227394765919493,-0.009243090532024323,-0.06616820547677937
2020-08-16,0.020647922274910968,0.0022843551383793237,0.0009961849763249209,0.06340170935562628
2020-08-17,0.0005532804800032487,0.03040482644811049,-0.009809825584340293,-0.08478275841525673
2020-08-18,-0.018839670243504303,-0.021475461465219614,-0.013647292197162653,0.07466838774488904
2020-08-19,-0.03280784293102457,-0.019426708460436926,-0.04061076745635395,-0.12941088279086632
2020-08-20,0.0350589416685696,0.01021312934149976,0.024543424978067163,0.10666494290576578
2020-08-21,-0.04172687897079086,-0.024067507803910648,-0.06558798361324525,-0.08247414789357099
2020-08-22,0.005008202920091298,0.007706363621583279,0.017240676181713432,0.026231918357045858
2020-08-23,-0.016590893829034115,-0.0014533293195752028,-0.011243703706330654,0.09982010201006841
2020-08-24,0.033606851888350775,0.00940844236539995,0.04282158587440188,0.006788665837213603
2020-08-25,-0.050008534441131625,-0.034690018052305094,-0.05915350070348824,-0.02395706936505837
2020-08-26,0.03734227339819429,0.010753745063331488,0.006419482369232066,0.08990458655916078
2020-08-27,0.0360657494988752,-0.01435938403704018,-0.00991935862142268,-0.031844555670903385
2020-08-28,0.0022988254983364875,0.01934954061432026,0.034607699121382396,0.16438989540838733
2020-08-29,-0.005296987825651023,-0.0030872658111327222,0.010222462637086371,-0.010615808544926164
2020-08-30,0.027536165093487996,0.017784220187846422,0.07119958469630605,0.11767109158976252
2020-08-31,-0.019110419710980597,-0.0026201196706430174,0.015602445733341463,0.07805155443185474
2020-09-01,0.07023851798025604,0.024797762089964426,0.09647005795804109,-0.09149432173356464
2020-09-02,-0.005307083711165728,-0.04648471948812871,-0.07758361882075893,-0.04144160261482954
2020-09-03,-0.16486094365941817,-0.10239476124641311,-0.123553539238214,-0.1529923005941125
2020-09-04,0.021155313886841887,0.02601355576262887,0.006661656260499305,0.005231725662424802
2020-09-05,-0.07491124569091401,-0.03255823502891142,-0.13646435756459385,-0.2673246442441565
2020-09-06,0.190561081907203,0.010893696409813414,0.053994510368928994,0.18789176180240008
2020-09-07,-0.034382616531231536,0.00867790498409815,-0.0019492226211732522,-0.05104103106645175
2020-09-08,0.0355883910640582,-0.022956306264775628,-0.04273465666874776,-0.15692220969284965
2020-09-09,0.05778472425043191,0.010939236349907233,0.04001131385125989,0.4728278503308343
2020-09-10,0.001206599488046578,0.011793293850096198,0.04839475251697656,-0.04579862084339348
2020-09-11,0.03630005308137996,0.0036452631180188266,0.01791267308646205,-0.012222171757257039
2020-09-12,0.12095335753770398,0.003966560559340859,0.03332710268956118,-0.02764990165679182
2020-09-13,0.08863636014169685,-0.011340078630605377,-0.05582138745017029,-0.03205279310502951
2020-09-14,0.003864055927943033,0.0345883839286778,0.03200167493140915,0.013421064320873421
2020-09-15,-0.12753126218144117,0.010871177190313608,-0.0329464164811436,-0.10094788859005333
2020-09-16,0.02801971436178108,0.01648188444401355,0.002667157170638479,-0.13395911780483527
2020-09-17,-0.034739076169622796,-0.0023612995663134795,0.06343947582272258,0.1361182003632948
2020-09-18,0.015053870875245012,-0.00040225598714782596,-0.011965201952840232,0.07471483129543355
2020-09-19,-0.005415023606671121,0.013683545731443925,0.003069586260487034,-0.025434491350447175
2020-09-20,-0.03152085213919842,-0.014067993350005525,-0.03758723421298804,-0.05216036725180628
2020-09-21,-0.11837823575336959,-0.04351800185522625,-0.07887489895061617,-0.030789589949374863
2020-09-22,0.03579444990478775,0.0072833400259153525,0.00794971555350954,0.0478021477566577
2020-09-23,-0.05160683645557762,-0.027733979972724532,-0.06788579355602253,-0.027014762883616927
2020-09-24,0.0768626291229233,0.050153282066164984,0.08794099866959249,0.10432971450101669
2020-09-25,0.0020136022961498856,-0.006259218747560857,0.008093951580075087,0.017842988489948475
2020-09-26,0.06316223120788811,0.005424892199001441,0.009383864826871147,-0.016906749270674926
2020-09-27,-0.0008376825638439778,0.0022831856976197606,0.005486566064312859,0.005820018212798539
2020-09-28,0.029786760056741635,-0.006089609852421796,-0.006376154798124589,-0.0622493935082814
2020-09-29,0.06906597373334789,0.012604356977915954,0.012946190125610713,-0.0034649855828537968
2020-09-30,0.015528803411817504,-0.00554646448346463,0.0005016740848944323,-0.016479940988341713
2020-10-01,-0.06346358027083021,-0.015303370300178809,-0.01870312835433363,-0.012715543359688608
2020-10-02,-0.005332891492529579,-0.00409414143543152,-0.01972498177140869,-0.08211910629156394
2020-10-03,0.03359380324636119,-0.0025194375739971964,0.0008178531913418663,-0.029999028561208396
2020-10-04,0.02629369017578842,0.011399199427022166,0.017479160421163265,-0.012290621174536609
2020-10-05,-0.009838012272226915,0.01159903211277169,0.003907711634822508,0.056299398986889626
2020-10-06,-0.03295903052013016,-0.017504646058134066,-0.03712580364145024,-0.18113563985611514
2020-10-07,-0.00034968081388575545,0.0060882710901424275,0.0029130036979352347,0.05309407884920159
2020-10-08,1.7142487738430745e-05,0.023124708925124526,0.02620615039517382,0.032037799991240457
2020-10-09,0.026699552141252747,0.013629236597062944,0.042262747082040475,0.07383625262236038
2020-10-10,-0.004659638708521485,0.02095930231275278,0.014708002366342399,-0.05266789706241681
2020-10-11,0.0085860876021977,0.0077742124166433335,0.011252921017721018,0.008515069501964678
2020-10-12,0.07561049278929333,0.01503679807902314,0.033558494889834645,0.06613999127120329
2020-10-13,-0.00025839361637980396,-0.011203790312466544,-0.01686863418993423,-0.07041234854113454
2020-10-14,0.006688229672347168,0.0003157232305546209,-0.0044773541995790644,-0.03753780637189297
2020-10-15,0.012414069529723015,0.005760771167350187,-0.005381532815657342,-0.020823558604544212
2020-10-16,-0.041569849328798814,-0.01506927308750361,-0.02970743726519065,-0.05164503464188652
2020-10-17,0.008445967643577523,0.0031777181254826203,0.0071728961371237965,0.024405619057105588
2020-10-18,0.013597067669803398,0.011028058853915557,0.025369682024107387,0.0056425421910237805
2020-10-19,-0.023955203360370048,0.02252631185070797,0.004552780347713448,-0.07053668613804065
2020-10-20,-0.037481084307231516,0.014843919324981414,-0.02842246378033897,-0.08231359675670658
2020-10-21,0.03363869335752545,0.07614375520341321,0.06245127472350509,0.0009032823846553129
2020-10-22,0.02975369536393968,0.011089019970212055,0.055032023655851914,0.034530106623684276
2020-10-23,-0.000790358325221785,-0.0026494544392426933,-0.009682330208334755,0.0022406911562098397
2020-10-24,-0.0014735056021978332,0.0136506131750318,0.006566951423729428,-0.024594931323597913
2020-10-25,-0.01573389422393423,-0.0058657541398662305,-0.015128433756102622,-0.06505241191062794
2020-10-26,0.03477600474677822,0.003382214014740148,-0.030351866854822607,-0.0570603095457719
2020-10-27,0.0155406263342599,0.04427990207523247,0.025663961040470307,0.01469383990651485
2020-10-28,-0.0403055208881804,-0.02804507535445777,-0.037986127241859236,-0.1287421585218269
2020-10-29,-0.017159695367022332,0.012553242153156674,-0.004941851425972588,-0.04101669582656742
2020-10-30,-0.04470360671793705,0.00808458072996765,-0.010110735385608915,0.00867780715828359
2020-10-31,-0.0027078366490667083,0.01730869726353168,0.009848898837674147,0.06893876279350519
2020-11-01,0.0010674792174636405,-0.003184511845067406,0.02526667630791546,0.03838520656547861
2020-11-02,-0.02029525822076672,-0.013585108198026608,-0.033306859903456054,-0.0786128999880853
2020-11-03,-0.03682695576573558,0.02950532012761009,0.011602130737028649,-0.04195048252334821
2020-11-04,0.002772635048689187,0.013147117963686394,0.03751223924387381,-0.014147089517170142
2020-11-05,0.02763842726597332,0.10231863433740651,0.02965458483467409,0.009310835330279765
2020-11-06,0.04849497809149894,-0.0008965281862933772,0.0981771366329065,0.3618812396487461
2020-11-07,-0.044107289775084935,-0.0470340843373509,-0.04179757617359503,0.06177642854895926
2020-11-08,0.020442007185710986,0.04353675277640923,0.040948144234179695,0.0613367281985997
2020-11-09,-0.010142901973331231,-0.009512665921690977,-0.02070692244149086,-0.059327762047301724
2020-11-10,0.006257457701794422,-0.0027010327388199418,0.01242014836129579,0.1081186345920444
2020-11-11,-0.008412040755729211,0.02684194109497806,0.029534169495399443,-0.1093698511816159
2020-11-12,-0.01221095130144878,0.03662132734990031,-0.004223386354289427,-0.051438871066830316
2020-11-13,0.020545703749218047,0.002547552717421464,0.029546635124694687,0.06405750152971001
2020-11-14,-0.008727917526052287,-0.015300456580341737,-0.030501025586850417,-0.051354111509735456
2020-11-15,-0.011281787634890406,-0.007004593596581565,-0.027362302769762148,0.06584091034591166
2020-11-16,0.016041363475498782,0.04766502135260464,0.027663890831452376,0.10381618551811012
2020-11-17,0.016621611078020182,0.05559276937282975,0.044396563964784974,-0.02357668005265312
2020-11-18,-0.015927407507339897,0.008988152900985202,-0.001823646722940775,-0.03957531204335962
2020-11-19,0.0006390627170729246,0.0007348899162549216,-0.016379350617824917,-0.018089577644197607
2020-11-20,0.028400677773612326,0.045137820846602006,0.08081356321758748,0.008967234293018267
2020-11-21,0.05189306620062539,0.0011233347035009,0.07796466688339021,0.13687797903469567
2020-11-22,-0.015340544549698798,-0.014602889964538845,0.015617271492200935,-0.09963877989833958
2020-11-23,0.03476337715837419,-0.000320133845930215,0.09028633587462331,0.061324689322033166
2020-11-24,0.09164373183951913,0.040478046632625775,-0.007488280314670304,-0.003694457068039725
2020-11-25,-0.07277989792234607,-0.01964382784787766,-0.05499460748003315,0.0009114282058961809
2020-11-26,-0.10011959053932462,-0.08442706722639481,-0.09091766638538712,-0.16167031448618996
2020-11-27,0.009582418230425604,-0.0024617591448197196,-0.0025201063807008817,-0.023692621150900428
2020-11-28,0.023484448160949523,0.03559722915754793,0.04007021428140933,0.01667750358888842
2020-11-29,0.033409789380137944,0.02596712538731971,0.06972534679646114,0.013880881901431552
2020-11-30,0.042340112897172766,0.07967832801396635,0.06788350107386454,0.027013999266128685
2020-12-01,-0.040916500844135006,-0.04192625951044282,-0.04475677961558855,0.0047877272238552315
2020-12-02,0.006279274637067012,0.021171823185194727,0.018777021338771238,0.07038024551477085
2020-12-03,0.01343576582593542,0.012723580680175761,0.030678218435329363,-0.007105104627881165
2020-12-04,-0.05315914484589479,-0.038344949058079725,-0.07678592848328947,-0.11636892687676637
2020-12-05,0.022608532489711175,0.024303237423597412,0.047845914887590935,0.06617677001697353
2020-12-06,-0.006346710751793161,0.009965977245154134,0.008906433191264718,-0.06293035689338233
2020-12-07,-0.005506560642318692,-0.007934312410408761,-0.01672281499383932,-0.012444961505841845
2020-12-08,-0.05928997460429419,-0.0453576006387062,-0.06254293959158741,-0.0905545032508317
2020-12-09,0.017838784588771972,0.012705073309037251,0.033616499701109914,-0.0018302095528377471
2020-12-10,-0.015397287890708489,-0.015572121156616547,-0.024064691319026776,-0.05303061433116929
2020-12-11,-0.012102242441521693,-0.011283218109780502,-0.024802031631535493,-0.08230853977633823
2020-12-12,0.029364701932639292,0.041240151721379625,0.041718703731370654,0.03206941508857408
2020-12-13,0.0332774312074724,0.018013866983980886,0.037103585490145585,0.04999897654660601
2020-12-14,0.03188423027686804,0.005446642655266398,-0.006193431308962327,0.016729900258125152
2020-12-15,-0.01606063510458844,0.008855135259981495,0.005707094951707736,0.10619513898386224
2020-12-16,0.03191194068717085,0.09751836309514528,0.07945327683237835,0.01302169818110599
2020-12-17,-0.01003800722936199,0.07013245133867341,0.010511356250089365,-0.058849528776551474
2020-12-18,0.024987521468161633,0.014593135822884129,0.018577647939548747,0.012013291573290008
2020-12-19,0.07621593292632434,0.03163075154837203,0.006850763657229253,-0.017747223671872092
2020-12-20,0.02594701916951947,-0.01644490454985592,-0.03186280386564,-0.06297002948850228
2020-12-21,-0.05534992674973982,-0.028717656479103182,-0.04460813155249255,-0.013853451442510933
2020-12-22,0.03760268477289341,0.042974334095805755,0.04105539884074627,-0.03348372931630017
2020-12-23,-0.07123177440490613,-0.022776055438033516,-0.0805532804990381,-0.19096598987715396
2020-12-24,0.04510571013517639,0.021281190940612982,0.04778461622112218,0.1299801128684197
2020-12-25,0.020442179924845982,0.03913227940938091,0.02420430689984565,0.060917827362273025
2020-12-26,0.009412469451629768,0.07185327832809496,0.015046214535492375,-0.08382785897373835
2020-12-27,0.0010368248887200338,-0.0062314920850786715,0.07361415859069909,-0.016006102706995984
2020-12-28,0.06960852277707397,0.03092663485588698,0.06995611391998069,0.1631895973079147
2020-12-29,0.08671532483167033,0.010250355112868093,0.0015372492130329984,0.10467878098424266
2020-12-30,-0.020962074088669458,0.054034499850387885,0.027475410142453693,-0.08295064641693983
2020-12-31,-0.019935477946729452,0.005574281038085438,-0.018381058140691575,-0.01599460014547749
2021-01-01,0.014152824333941716,0.012841708408869223,-0.010078365039673964,0.21919815728341008
2021-01-02,0.008879622557922628,0.09372577639540935,0.06047286631119175,-0.023239444230491624
2021-01-03,0.07602682306806208,0.020380066800975483,0.2594753293956862,0.20145721845681952
2021-01-04,-0.005410237065908707,-0.024712000360334718,0.06635041674388553,0.14957541293773224
2021-01-05,0.01974880594836348,0.06319658000613337,0.057461231702209625,-0.13193847755000065
2021-01-06,0.010335657272650511,0.08331071417326141,0.09736862255513934,-0.10569175103867978
2021-01-07,0.030440079351867988,0.0691574669750421,0.015380441218393326,0.22990055578401258
2021-01-08,-0.024262023000304778,0.0362338992996023,-0.0012082756724967059,0.35703034581743953
2021-01-09,0.0362666616758196,-0.013311135341493308,0.04646320835871487,0.051397740941719894
2021-01-10,-0.03378744355821717,-0.047152573214749416,-0.014699009060386903,0.02384635152624548
2021-01-11,-0.09604854158749054,-0.07273315912449108,-0.13634523092842832,-0.1032918526257155
2021-01-12,-0.00676938114622172,-0.046214502171538774,-0.0428482439504031,0.16257835636164142
2021-01-13,0.05311563819660825,0.10003249550509552,0.08367061246989871,-0.027568523768960684
2021-01-14,0.04130336721540884,0.050138030111625875,0.07757191852287426,-0.06705541574189489
2021-01-15,-0.020929059362467695,-0.06027358971670127,-0.03826032525754719,-0.008542274926077953
2021-01-16,0.05505625467002084,-0.017575563040677422,0.052655044668727724,0.0605798214120532
2021-01-17,0.05820432287568478,-0.010693288117263444,-0.0027282155417935883,0.10765246389247407
2021-01-18,-0.007254958626653929,0.023435790428599335,0.02203536943575002,-0.005925403804417417
2021-01-19,-0.05661430649449051,-0.015295342507474663,0.09545717838129009,-0.040481749979773274
2021-01-20,-0.004175117785165439,-0.014473454791977813,0.00361443711529974,0.022436851939297453
2021-01-21,-0.09296756250681004,-0.1328368400602007,-0.18860451399286926,-0.19686495258172432
2021-01-22,0.05723076467496324,0.07072224005462169,0.1024824037765284,0.11893958304316987
2021-01-23,-0.001030197560969448,-0.02842289017956734,-0.004465468609136769,0.047182343241965796
2021-01-24,0.02612067274338048,0.006914643868341619,0.13047928581876245,0.037184625133128035
2021-01-25,-0.0061579311508175305,0.0023851084933719235,-0.04828551839708972,0.018041403650330468
2021-01-26,0.001706563151726348,0.006286058316783416,0.0246473466409749,0.09388398427846911
2021-01-27,-0.01678532299788882,-0.06562212475675022,-0.07654128534445381,-0.08814727963592439
2021-01-28,0.037424902720042175,0.09968113394222766,0.06328269064744974,0.03562711942366925
2021-01-29,0.00760049332884849,0.02540747568580648,0.03754666640282833,0.003297687246131442
2021-01-30,0.04480336736076396,-0.0013656239986477026,-0.004634533699547028,0.1015992057099453
2021-01-31,-0.011084637836054623,-0.03370820328466961,-0.04442161534791822,0.00943780125610827
2021-02-01,0.16559093612078413,0.012768370405776608,0.041106378941601296,0.08148362023483657
2021-02-02,-0.01068236826030211,0.05883361479570781,0.10675593258422955,0.1422295819663062
2021-02-03,0.023233785087263703,0.055245981743407446,0.09616976222373852,0.08514121555043497
2021-02-04,0.07048816167307792,-0.014571470120209207,-0.03982567909810919,0.12422605590917057
2021-02-05,0.21315000454283894,0.032991388091470286,0.07768440029221635,0.03978403784086826
2021-02-06,0.07204643293217083,0.029406828078771152,-0.023741923184774527,-0.08544399597447494
2021-02-07,-0.05696231477369207,-0.009233693380855112,-0.03791706041817189,0.09649394617726581
2021-02-08,0.16388590944214632,0.18746473766529936,0.08201385173983122,0.17652324182179346
2021-02-09,0.3515870133643231,0.006161523959955284,0.012262685569933707,-0.008430186735431944
2021-02-10,0.2023913044400545,-0.03362488605290981,-0.01345653537210656,0.16060565596187604
2021-02-11,-0.040874140571651396,0.0665910372634968,0.022677205052725746,0.015777618321888287
2021-02-12,0.10056826406771324,-0.008442623839676311,0.03348732312940794,0.0034355800793479663
2021-02-13,-0.02552576308767085,-0.008406213773231364,-0.015959972504702824,-0.05564574557339241
2021-02-14,0.02228378719076418,0.03421623595697554,-0.004975308838028325,0.0007376065660744668
2021-02-15,-0.05027341925508633,-0.01585126109458379,-0.014012139783403876,0.014057014009106084
2021-02-16,0.003772304581091346,0.026171883752032166,0.0007172130023165302,-0.06362998585804214
2021-02-17,0.2661413125031311,0.05994196027730325,0.03783727842182305,-0.009073383301857807
2021-02-18,0.18984944152144867,-0.008997504596578998,0.04814334686912458,0.09216994624331232
2021-02-19,0.6976040370570284,0.08143096900475189,0.0117244756414987,0.2767346176775991
2021-02-20,-0.23048285730591034,0.0037823185014820293,-0.02072822520328288,-0.12759759549695082
2021-02-21,0.14834653059725578,0.025676258785917394,0.00837026909619265,0.10825611502368337
2021-02-22,-0.08986617366233884,-0.05791845963531039,-0.0793594074434344,0.30393471164795804
2021-02-23,-0.13650172529230487,-0.09930198541853996,-0.11884948478862234,0.05166128178502505
2021-02-24,0.10114920038981556,0.018042326886684945,0.03590087965500732,0.13822085464663414
2021-02-25,-0.08048924754404407,-0.052539242009451814,-0.09275433646521236,-0.20151143094681623
2021-02-26,-0.052185778267804905,-0.016012490351298148,-0.02010569143015961,-0.016507881023591908
2021-02-27,0.0160997529675182,-0.003265200081699504,0.009639784472410318,-0.028464438034027095
2021-02-28,-0.06958966862569005,-0.022747754528746222,-0.03008561801322729,-0.008478136928001367
2021-03-01,0.21498583001787885,0.09955017057586457,0.10498132242232572,0.14258586659303019
2021-03-02,-0.059330776398302754,-0.025231161886280384,-0.046078177824534605,-0.06664177199554833
2021-03-03,0.006549832076741202,0.04463205996986197,0.055771067902868676,0.011223619063755574
2021-03-04,-0.04623268467339958,-0.039120359814156846,-0.02153680549869552,-0.07209104353883145
2021-03-05,-0.015536361754197814,0.007539701660092213,-0.005602958730816177,-0.037222542710982465
2021-03-06,0.001300052738179236,-0.0003049805235605385,0.07922032955620151,0.033782706627720316
2021-03-07,0.05961330176651525,0.046906498146797926,0.04134315133557287,0.06453242594561392
2021-03-08,0.0005806084158679337,0.020306565464276005,0.06474993475523938,-0.019855129142624217
2021-03-09,0.22114204848349694,0.049335220420617,0.01816123402047265,0.09146488014242227
2021-03-10,-0.04806460512532862,0.021604243798385436,-0.03687407273423038,-0.04143970589982904
2021-03-11,0.037345515689090725,0.032076714848716215,0.015022895397648561,0.12375692525578863
2021-03-12,-0.09008215681246523,-0.008183206626845796,-0.02962034771084776,-0.09005201227017279
2021-03-13,0.047097277377805336,0.06821652767950437,0.08610281570039335,0.051996500170030435
2021-03-14,-0.04153481017030425,-0.031689610370558396,-0.036432495849089586,-0.05229253889890784
2021-03-15,-0.037696660265323034,-0.05725100456855314,-0.03389586410902523,-0.022166999057386394
2021-03-16,0.013507573526081007,0.01605702194966918,0.008522359714190797,-0.03974779697458819
2021-03-17,0.04554106956440607,0.036369962842253134,0.009118868953279069,0.04385525778862753
2021-03-18,-0.030201623865549143,-0.017189693893861602,-0.022262334013067764,0.0006906998098847872
2021-03-19,0.00898963482545656,0.008429650137686817,0.019501889367920855,-0.001772973239597797
2021-03-20,0.0025912340681462087,-0.0005657190459794625,-0.00274506804140795,0.0005058138379494537
2021-03-21,0.000545817865131637,-0.013551247955811196,-0.013470780019506856,0.008459408594971185
2021-03-22,-0.033923919818336645,-0.05205318540083803,-0.0541785781135381,0.040962824602767345
2021-03-23,-0.0008226860278431891,0.0038474981233158623,-0.0074993100167096705,-0.047888479765390124
2021-03-24,-0.022833489627363757,-0.035891807492523076,-0.050776926040515424,-0.03826397656370373
2021-03-25,-0.059899378658944014,-0.020277031922222966,0.0012211524752892,-0.046570418004051595
2021-03-26,0.08608082189751842,0.06639992475218648,0.06737215325548651,0.13468897461610196
2021-03-27,0.05487066359231396,0.015165759461888806,0.008017530435460829,0.11698028810868655
2021-03-28,0.00033057588814622285,-0.0004067213991215679,-0.014645354230451879,0.09134251826809936
2021-03-29,0.02237570939794975,0.03216137854506651,0.07587343099405097,0.046545542704904186
2021-03-30,0.13157677341004614,0.020216245195582738,0.014479844479645232,0.020107128225100857
2021-03-31,-0.030064999657514857,1.9359634988669328e-05,0.039180416629085224,0.012025843415526039
2021-04-01,0.10974331722067499,0.0030037350775407035,0.03071098836529318,-0.019538800394223177
2021-04-02,0.011320657493780084,0.004881969011259368,0.08392791834374091,0.03800495403501003
2021-04-03,-0.04682550149186149,-0.029981350293480258,-0.053565570203716883,0.13841611159048361
2021-04-04,0.08817059814010353,0.0200448971410081,0.031896864607867226,0.06691326913786733
2021-04-05,0.04592429388298647,0.005094138552963257,0.007053768788714887,-0.04476228140913763
2021-04-06,0.0973924604326768,-0.014655445594718208,0.004977353239657756,0.08583527296723492
2021-04-07,-0.07168634349454839,-0.036833390122360865,-0.06953507481952037,0.060941867208285094
2021-04-08,0.1157842177371664,0.04058980823677527,0.059610275923209555,0.020994961871872775
2021-04-09,0.08405944628676787,-0.0013536328475677317,-0.007883295432574822,0.027531547218613284
2021-04-10,0.04276872772016671,0.026581343719059625,0.030805935133171092,-0.03372673755285016
2021-04-11,0.11178514596550682,0.006885903949730876,0.010166400745060589,0.04062703009374369
2021-04-12,0.13958719629847738,-0.005174186540237491,-0.008483142170705449,0.020773123841917318
2021-04-13,-0.08206822956424153,0.06027376479221824,0.07471158447120319,-0.03775834254046073
2021-04-14,9.661915151504274e-06,-0.00620063437737306,0.05911532743444026,-0.03500718952017334
2021-04-15,-0.012663538827696774,0.003237480473297971,0.03450004461515177,0.05073454047283166
2021-04-16,-0.05973088754223055,-0.027501379378466195,-0.034603277671709454,-0.0870271312450599
2021-04-17,0.01998463415195806,-0.014437688523377457,-0.03579499486660964,-0.011713461885944687
2021-04-18,-0.07567494219204396,-0.0736215468265391,-0.04595432023313606,0.2869752589808643
2021-04-19,0.05001449640381339,-0.008750468945115109,-0.03171385720426667,-0.01941068604499563
2021-04-20,0.1622200263007083,0.013436976092944253,0.07571926454479683,0.002972549648672329
2021-04-21,-0.06985267551026031,-0.045454287638402646,0.014823023499079602,0.023386444027367226
2021-04-22,-0.0732762504121931,-0.0397694659817468,0.016400642451499525,0.1958204404290036
2021-04-23,0.04061604360741322,-0.012917150838772984,-0.01662092376951263,-0.04890309117967495
2021-04-24,-0.05725819772128882,-0.02040928977310741,-0.06429232426518516,0.10165106696936599
2021-04-25,0.017449082099813662,-0.02091099195802515,0.047220393740067035,0.16275765534421005
2021-04-26,0.05840819824819565,0.10238907033660749,0.09430764300727978,-0.07159129007092535
2021-04-27,0.06340111532529291,0.018721407731506323,0.050654753378619466,-0.016770643761634507
2021-04-28,-0.010269576793455637,-0.003787066282106566,0.03136279354284577,0.03670257511240771
2021-04-29,0.06589375854562052,-0.02315733013830157,0.003822058741562495,-0.05276948595179776
2021-04-30,0.040643250808704456,0.07833176806484676,0.005923397526498064,0.01166872821805054
2021-05-01,-0.007584497350399011,0.0013484807439372304,0.062269347030246225,0.15252865329894583
2021-05-02,0.0044462686692188225,-0.020698824187899145,0.0020921772956372653,-0.0528608251771755
2021-05-03,0.08613242497941864,0.010051280367532334,0.16226995848861292,-0.02041540031390665
2021-05-04,-0.09543478433676522,-0.06760024652955021,-0.051720294307653125,-0.06975560077237886
2021-05-05,0.06620154013828361,0.07669599321369813,0.08272417536125909,0.051346643161055416
2021-05-06,-0.02820834100570191,-0.01789307689659958,-0.00905614401787469,-0.03267547781393465
2021-05-07,-0.013764995904841149,0.017020319573156195,-0.0017621248893077146,-0.006918754929599702
2021-05-08,0.03448415372264502,0.02523475916996243,0.11992860871057798,0.05576438926107685
2021-05-09,0.024961655876654998,-0.009718099130935132,0.006712627801450655,-0.027025753029928268
2021-05-10,-0.046625271095644405,-0.04074231762821234,0.005968476837850734,-0.032045036118130366
2021-05-11,0.06491138740250335,0.01512317249631967,0.05475484100041772,0.038868549886149184
2021-05-12,-0.1251591504676266,-0.1332174549686006,-0.09183976573938502,-0.047561227741629186
2021-05-13,-0.028478567528354204,0.011508648851976444,-0.0186748605582725,-0.03437470265982834
2021-05-14,0.05546355025210992,0.00330563837155351,0.09795273100628976,0.04195372604256242
2021-05-15,-0.0664644805414154,-0.06255641898138342,-0.10809735250304064,0.01740355084624068
2021-05-16,-0.0003762652610469486,-0.0065040138312105755,-0.013912663131868785,0.08604253391147165
2021-05-17,-0.0903744700915392,-0.06282381595309616,-0.08504749250140786,-0.007152916729368353
2021-05-18,-0.007699905979053789,-0.014426855146374762,0.029756407375664207,0.1930673799103746
2021-05-19,-0.3326563093673738,-0.13766122609163733,-0.2720034941722024,-0.37208767607875237
2021-05-20,0.16101232250388797,0.10216344466291027,0.13151449824793127,0.27446141462416573
2021-05-21,-0.17102198706254812,-0.08528232829817228,-0.12702423935739582,-0.13253314869763888
2021-05-22,-0.08211013799188516,0.006217486259949112,-0.05550670085100928,-0.1931645960767232
2021-05-23,-0.12206314352236314,-0.0736893688644572,-0.08107561141354924,-0.21161461444682983
2021-05-24,0.31323561976944836,0.11318183957815453,0.2531362984543515,0.2671186078754242
2021-05-25,-0.003462539369936124,-0.007847826326095597,0.023845534449147276,-0.04112360738442544
2021-05-26,0.10386188204304614,0.023227211885217036,0.06726811488576234,0.1847759931450843
2021-05-27,-0.03211367241083163,-0.021815700174415475,-0.052691616288219056,-0.05501510752370786
2021-05-28,-0.10274794985949187,-0.07126897282320166,-0.115689239130076,-0.13533929297356806
2021-05-29,-0.07526302083212877,-0.03029724398312339,-0.05801550776760467,-0.0572622795853962
2021-05-30,0.06796173129734862,0.03068120125307594,0.048603014494119634,0.04479176631102533
2021-05-31,0.08762037493872543,0.04637929771620186,0.1358152351044477,0.1473145127534079
2021-06-01,0.023891053948335683,-0.017355481635803582,-0.0299921333878157,-0.05579510895682249
2021-06-02,0.1060315585686642,0.02426756732611457,0.027570223894910928,0.09588616945313078
2021-06-03,0.06615520904031791,0.043475133082156336,0.05506082122730849,0.16240239646484356
2021-06-04,-0.08511436033045117,-0.05902658087058821,-0.05846725128986907,-0.05208483839034095
2021-06-05,-0.0024616299637855166,-0.03638625350557034,-0.021433773441770665,0.058006842482608345
2021-06-06,0.008678509866323791,0.008731498936251025,0.032128263957071024,0.06878739914667675
2021-06-07,-0.09270730100604418,-0.06418068028941804,-0.04597617844406354,-0.09563220687398577
2021-06-08,-0.009260406747634065,-0.0026243254847995168,-0.028114696356679736,0.08508319989519686
2021-06-09,0.06139328410711897,0.11569117681725527,0.03607967431090309,0.012379307448992627
2021-06-10,-0.06268115347584813,-0.01720501684509279,-0.05242888494385056,-0.022199910004902734
2021-06-11,-0.017745059308916344,0.01721406171757467,-0.04764267524354615,-0.12293801306896168
2021-06-12,-0.006338375139108732,-0.047727642256857994,0.007951323078627226,0.01097492767956032
2021-06-13,0.06664298588759321,0.09972131894675185,0.05728477202826676,0.06390337245903632
2021-06-14,0.005847006492983864,0.028661855288592664,0.011760329487777943,-0.001480011141900106
2021-06-15,0.012943331765773669,0.004669320789865594,0.028782028478138377,0.06304317086593492
2021-06-16,-0.07102547697021233,-0.05096256237308472,-0.09317467829181958,-0.03523457427766796
2021-06-17,0.016439562727892376,-0.007655308506355651,0.0018323460112703582,-0.011057578906357723
2021-06-18,-0.04515762203794671,-0.0595545108824469,-0.05913519533292433,-0.06661969612872931
2021-06-19,-0.003256624787751239,-0.004788717174578294,-0.023853268817950024,-0.03534524196383948
2021-06-20,0.012970520437087352,0.002314299179515533,0.03115240254206708,-0.0008887866459941218
2021-06-21,-0.2031444483072462,-0.11265533282181261,-0.1593316631723415,-0.24530350277672963
2021-06-22,-0.03382611729468543,0.02616961270137308,-0.0071473718245484985,0.0042935986328143105
2021-06-23,0.1247897399016582,0.0374509295196066,0.06122096610515215,0.12240581703133535
2021-06-24,0.047223078308509914,0.027856637741157764,-0.0006433160408149119,0.03767683061945548
2021-06-25,-0.08682354277657611,-0.0872604012088013,-0.08812816946248714,-0.07960518580984577
2021-06-26,-0.0077510626719059506,0.017336806155961115,0.008836212177885328,0.03533214337529955
2021-06-27,0.03982624167460802,0.07653470332064805,0.0818129147779052,0.0745986045917173
2021-06-28,-0.0035547666810203937,-0.006213875976586625,0.05091873749506903,0.03126862843967726
2021-06-29,0.03687796536352117,0.04162825758718758,0.03900201883549914,0.028517624324881696
2021-06-30,0.010273822211144257,-0.02305527321430456,0.052656870391718735,0.049889620148910074
2021-07-01,-0.049712031082672414,-0.04191448950075438,-0.07075786769497328,-0.060533974301617666
2021-07-02,-0.002759430223876924,0.00967855812266083,0.017238228700587443,0.01845428174898056
2021-07-03,0.03762406723945344,0.022760094790705843,0.035382581063104546,0.01347235140467351
2021-07-04,0.03183696432302696,0.017861561294527206,0.0429492165308718,-0.0048788421421234185
2021-07-05,-0.017398560954167364,-0.043691535402215154,-0.05303886040710504,-0.03864728821017893
2021-07-06,0.06136962444296823,0.014496276584600176,0.057353737104673064,0.038943936145901414
2021-07-07,0.020526431498559594,-0.011095808977648836,-0.004094146464876158,0.06776450781876764
2021-07-08,-0.052195922273937545,-0.028886355129662422,-0.08428589852706492,-0.09258035271962406
2021-07-09,0.01951312593417498,0.02800225791699673,0.012578152818153887,0.0018347552974107284
2021-07-10,-0.0010881760058396583,-0.008210311003178261,-0.016438693611583566,-0.044371539041628716
2021-07-11,0.018635754608428368,0.021469475378479208,0.013385044405790802,0.012243252219059864
2021-07-12,-0.017710870193349715,-0.031668630428790756,-0.04811208084100682,-0.041325142604325626
2021-07-13,-0.02376338606689421,-0.013687548281983153,-0.04744738315710828,-0.055980721785473087
2021-07-14,0.0019274395688797519,0.003679352094793975,0.02796132275201524,0.074166305887716
2021-07-15,0.018867247126534314,-0.031734999531688124,-0.04169600090882597,-0.09043506828827574
2021-07-16,-0.038885504974096596,-0.011302175908234458,-0.016111927996504405,-0.07317885955677028
2021-07-17,-0.008210525297958404,0.003549453661488622,0.009807715440898646,0.013335595822755897
2021-07-18,0.006597631128997694,0.008363987433579023,-0.001723734916274866,0.0011317037655649287
2021-07-19,-0.0742589475993023,-0.030788575922789052,-0.04128374639361532,-0.08613713178767124
2021-07-20,-0.05441151308081715,-0.03278895069501786,-0.01639021839697663,-0.039186753870916746
2021-07-21,0.10479924309525535,0.07727442675168827,0.1138231386284283,0.13340073463138347
2021-07-22,0.003793684488133664,0.006303573302191001,0.01719358875607435,0.04052883470823976
2021-07-23,0.019213403238172333,0.03925482537500802,0.04916734984036908,0.029304588192030634
2021-07-24,0.009318536276225808,0.021169199000986128,0.03032890061397775,0.0066192246756326956
2021-07-25,0.0012059657571190652,0.030844758309330533,0.0009843828063664795,-0.018599204874339414
2021-07-26,0.006752115087564015,0.05621887171744144,0.01916282850447759,0.0048943870589868155
2021-07-27,0.0299671960199428,0.055424286615063156,0.029089175950248514,-0.008525060554215536
2021-07-28,-0.0005546835238557923,0.014945713184850051,-0.0007779923760146135,-0.008904798416018544
2021-07-29,0.010595077323928948,0.00031292265067750513,0.03675580573317805,0.12459736440744562
2021-07-30,0.019447270061813793,0.055666404612466414,0.03612188139554173,0.03557435599599401
2021-07-31,0.03295112962799496,-0.014427457617713135,0.028070376144742504,0.13685794826538955
2021-08-01,-0.0001966192648635845,-0.039669750474507826,0.010110397103823221,-0.0698653281485021
2021-08-02,-0.007139442461494783,-0.019335866368471732,0.01885404331468732,-0.030125813304081817
2021-08-03,-0.025234969773503813,-0.02675797936526192,-0.04130167760589376,0.023298156930405156
2021-08-04,0.037710724051272626,0.041792893187100555,0.0888246242008488,0.051981477032613244
2021-08-05,0.008823267577671823,0.02822946527400849,0.03769662894668069,0.04450082238070152
2021-08-06,0.012617497020038337,0.04763803587748594,0.02249925501300054,0.05597530744427459
2021-08-07,0.039762932332067846,0.04062220829002827,0.09211431822037741,-0.0010806959275605488
2021-08-08,-0.03844536122837805,-0.017005273846830926,-0.045453041087839874,-0.0438958412234457
2021-08-09,0.037718206213023464,0.058616336068955555,0.0511404136452529,0.029037662843547363
2021-08-10,0.047856722141918606,-0.016830892309838696,-0.008259541279942217,0.04828785380953282
2021-08-11,0.05323952238726615,0.00018877838873909702,0.007178921769949609,0.027173283018627092
2021-08-12,-0.0151575570641177,-0.02555943636254754,-0.03818629912409377,-0.015445351257049156
2021-08-13,0.06512358774155391,0.07574073458615982,0.09160677291715547,0.09234059074521506
2021-08-14,-0.0046487995329218545,-0.01457055076832292,-0.017087505609842735,-0.017410830512887276
2021-08-15,0.0135943229257518,-0.0010603958689597848,0.013799287280931383,0.21835607807353208
2021-08-16,0.006936465115251922,-0.02215910567498447,-0.04651697201106941,0.16163884502281967
2021-08-17,-0.03727673553886657,-0.028456465011732934,-0.04487981843695865,0.028482681725907844
2021-08-18,-0.009100172053366884,0.002367765389513554,0.0017393580222999638,0.1297696853672894
2021-08-19,0.08220282693267311,0.04277544261522093,0.05384353217968729,0.002954020535743229
2021-08-20,0.05556396207140546,0.056115872471717454,0.03274989283808627,0.08201218792878096
2021-08-21,-0.013223943915462444,-0.008789842693618932,-0.01851308673728791,-0.06311122068677388
2021-08-22,0.0002968004759140719,0.00850947690403503,0.004969335646024975,-0.012911365589042045
2021-08-23,0.11320944491468832,0.004551674225862445,0.023793676139643116,0.039889631236078804
2021-08-24,-0.056602656281907415,-0.037137725293038826,-0.04422706980850821,-0.06653365183261373
2021-08-25,0.0661388809078225,0.02630002081428562,0.01653576265002532,0.018121495929440457
2021-08-26,-0.04729674118225469,-0.04122830434622349,-0.03863352454525626,0.04676255636297788
2021-08-27,0.03234318751850784,0.04508626296557394,0.05492177964873113,0.16956210621600043
2021-08-28,-0.01678823021830833,-0.003185280633781984,-0.008009999118418598,0.09781454401741518
2021-08-29,-0.012163610150604742,-0.0014839825657210204,-0.005363277326429605,-0.02309642591548544
2021-08-30,-0.0432916967267708,-0.0363476092875793,-0.0008145075244350153,0.17016184919654442
2021-08-31,0.010724869829449535,0.0023738850726162664,0.0649299309148601,-0.018644341639284967
2021-09-01,0.055230317268158746,0.03562556399047523,0.11681033382537342,0.023498744829608675
2021-09-02,-0.012544515166105663,0.009840830417728652,-0.011431577462321041,0.15373250278733686
2021-09-03,0.009678551439810112,0.014143210068944922,0.039468517786860335,0.1442648152220083
2021-09-04,0.019389343271916326,-0.0016141808032423821,-0.013395467548673934,-0.05096077465315818
2021-09-05,0.013133359075166329,0.03621581213694158,0.016540127206146282,0.021261909457520378
2021-09-06,-0.017230503990714685,0.017006125728580734,-0.0060104624807395535,0.15703459987195445
2021-09-07,-0.15812113999649613,-0.1106216071695616,-0.1277842736169259,0.0533395563744028
2021-09-08,-0.005737914854898718,-0.015375366885328479,0.02069840552335589,0.1033357338646228
2021-09-09,0.014831763858628833,0.006509485739778498,-0.020008233157088995,-0.014895181655657508
2021-09-10,-0.04664045141122508,-0.032495484247323514,-0.06297426662682348,-0.044265421288188334
2021-09-11,0.009724518578277275,0.0070748487352050304,0.01830051675767863,-0.005545041725032895
2021-09-12,0.02750949499188038,0.019066033632592516,0.04276591838826538,-0.02420918788444404
2021-09-13,-0.042285794890769446,-0.023884438158555232,-0.036544834800279036,-0.03018307123889863
2021-09-14,0.03802099810874626,0.0473592610325122,0.043724683179346746,-0.06601735884590709
2021-09-15,0.041490329860856656,0.023015462091804384,0.054273499009923176,0.006468066197325317
2021-09-16,-0.015701071029159963,-0.008157286726135138,-0.012167179288121388,-0.04175109947653022
2021-09-17,-0.04242658915554298,-0.010795386730801604,-0.04837351921216426,-0.03201198093777957
2021-09-18,0.01027089557436267,0.021385589090024082,0.009851143087328929,0.14628841976130857
2021-09-19,-0.005690344666256508,-0.021089044077959085,-0.029886295240556526,-0.09851702663601514
2021-09-20,-0.11385303582070971,-0.09344895316951951,-0.11126606874805267,-0.13363935612356725
2021-09-21,-0.04815731084127772,-0.050185206746199196,-0.06575285207462656,-0.06193741393908514
2021-09-22,0.10131269979476887,0.07079311406361999,0.11338201253895797,0.19341497016020637
2021-09-23,0.011543490445691917,0.0303064775724482,0.0252303749670717,0.012366566801081502
2021-09-24,-0.0742642120431164,-0.04578111561282838,-0.07094052042452526,-0.06916646712688179
2021-09-25,-0.015299573890037332,-0.002874812528084303,-0.002081925084507441,-0.02307619135294403
2021-09-26,-0.016286533010271165,0.011516492054097771,0.046725906122755845,-0.0035214936834299104
2021-09-27,-0.02321604575503,-0.02251426719942695,-0.04184041841853481,0.007583327205051393
2021-09-28,-0.009395338586027924,-0.02844007873591181,-0.04322981589722885,-0.037967291153728655
2021-09-29,0.10496570453151755,0.012911568502261384,0.01633125590773976,0.028997416948101096
2021-09-30,0.051816000669415274,0.05356827518164842,0.0520603518169509,0.042242547765358296
2021-10-01,0.08935587094474973,0.09878873042688929,0.10188869721917504,0.14612225437017945
2021-10-02,0.015309482843727018,-0.008426411013467638,0.02545058580916182,0.04583458537623941
2021-10-03,0.005630696939804114,0.010237887379882071,0.00786164789618482,0.020675836154806948
2021-10-04,-0.01105649407492626,0.018940873580984396,-0.01119529436534994,-0.03393746668561026
2021-10-05,0.03982921580911403,0.048905889117254686,0.040954376881792376,-0.015690390258281783
2021-10-06,-0.016500288317141232,0.0746704982911468,0.01763340339603814,-0.06098185160236702
2021-10-07,0.007717895103969807,-0.02809653406297008,0.0020703011908782543,0.001125489561225379
2021-10-08,-0.04480722970757123,0.0030082765538104184,-0.00674909305681104,0.03025653715587384
2021-10-09,0.00583967128848073,0.01853649985027972,0.003355310670748457,-0.013358779175560498
2021-10-10,-0.03909425770015096,-0.003577422040362044,-0.041911600438504726,-0.05596737336561797
2021-10-11,0.020704856535042282,0.04953684064585273,0.03488218212091221,-0.0215507929898624
2021-10-12,0.07355389853347316,-0.025114999851183484,-0.014887303682677766,0.05439102418590225
2021-10-13,0.060563502004963965,0.02426861834211813,0.03253429780547168,-0.029862294675807033
2021-10-14,0.0027035706918518976,-0.001386283921372633,0.049862020193349066,0.010668153660873703
2021-10-15,0.0035596548315373067,0.07453440740995654,0.020237802139014605,0.08573501023285846
2021-10-16,-0.01701527506769618,-0.01139348166745524,-0.008349918515181298,-0.031103974744519536
2021-10-17,0.01070154406438717,0.01086243756414218,0.004365729517258554,0.013996465094943344
2021-10-18,0.03077919091696768,0.007675599893030238,-0.02556318355297138,-0.015728481407435546
2021-10-19,0.006262157842562566,0.036047967727284025,0.03438220005285597,-0.007722691545837712
2021-10-20,0.026367898996615402,0.026934175102288238,0.0717809099596558,0.1277414410470612
2021-10-21,-0.0594055684950523,-0.057319313661295834,-0.02446333607159845,0.0816812874397681
2021-10-22,0.01567346820361193,-0.024399647264276236,-0.02075337220243678,0.03212036775651539
2021-10-23,0.015174718421665512,0.011555863919028075,0.050748730234816186,0.006477186140625424
2021-10-24,-0.019084570192703487,-0.007537937512081094,-0.02007844030485162,0.023561132755820946
2021-10-25,0.016809496850940464,0.0346128236844363,0.031794755044642464,0.038259703762518305
2021-10-26,-0.013659533337321395,-0.04244985266320056,-0.02057312323429894,-0.049009197571861396
2021-10-27,-0.06070196326910404,-0.03116779376295975,-0.04861771122902114,-0.08024060052992965
2021-10-28,0.09578345655917109,0.03658793903693369,0.09084940093801008,0.06034232237327397
2021-10-29,0.07643376142395986,0.02648913766352501,0.029722010166018054,0.027294789299740385
2021-10-30,-0.003211587344446709,-0.005449845794435637,-0.020181496208386274,-0.023811707091077383
2021-10-31,-0.006737298428191041,-0.009208042570786446,-0.008686825906328188,0.03584638364017456
2021-11-01,0.0512839494705446,-0.005129747739996526,0.008524277451908313,0.005553124922734076
2021-11-02,0.0057898905165616465,0.03642353446805324,0.0601605358843722,0.08201870065746686
2021-11-03,0.02548692381278439,-0.004054563588107407,0.004884624248695513,0.10288443191875185
2021-11-04,-0.015550160778780131,-0.024103783966732184,-0.015165333002385761,0.01848075118586001
2021-11-05,0.08738164526816594,-0.005313959884109654,-0.011257968843489952,-0.044114698227728066
2021-11-06,0.045126046796609254,0.006573419146120196,0.007876944992210255,0.09497855859062398
2021-11-07,0.022543268908321812,0.029247220896912562,0.021889164788917004,-0.035185909795916404
2021-11-08,0.005935795111569053,0.06695154718111462,0.04145232072718552,-0.005429065150492018
2021-11-09,-0.029228108139168207,-0.008806096371717143,-0.01600522772092372,-0.037244531212337395
2021-11-10,-0.03134891514460081,-0.029513867421399387,-0.020885552973311183,-0.022714509444110464
2021-11-11,0.02375228108797023,-0.0006965054346836919,0.020320625262970626,0.0019729162145358803
2021-11-12,-0.005159321235066572,-0.01222509636324598,-0.013375032398906361,-0.02449899362929364
2021-11-13,0.03744018040090147,0.0048878705639170406,-0.0033542744008004943,0.05830553665938942
2021-11-14,0.0012520530346231684,0.015469517787564335,-0.005396490580547919,-0.01405770796703354
2021-11-15,-0.027452679611748798,-0.02915932332393234,-0.01488319046462594,-0.0036569815086984203
2021-11-16,-0.06828190753276964,-0.05344145330150951,-0.07485208546001998,-0.07709659999770047
2021-11-17,-0.019887500157807714,0.003436857419438999,0.016893345729229292,-0.0023891204714014957
2021-11-18,-0.07932146133145934,-0.05674983989800575,-0.06692398763146579,-0.10620123649670332
2021-11-19,0.09261505007751558,0.020677857806173483,0.07440183378363852,0.10124745315972117
2021-11-20,0.03836289192018172,0.027144333086984274,0.02596941564469657,0.01270559193331211
2021-11-21,-0.030713062305203098,-0.01619370466132397,-0.031791480942506056,0.06085513641696516
2021-11-22,-0.04470783081551721,-0.041565940596482776,-0.04245585152485365,-0.06721364925688134
2021-11-23,0.05779109257257353,0.022735855747423095,0.06171175606728707,0.028273392519944318
2021-11-24,-0.016982716256287556,-0.02238438701660228,-0.023217625786793206,-0.03117317062383418
2021-11-25,0.03841602942644662,0.017666069374003168,0.008198554450852713,-0.04033354968492231
2021-11-26,-0.030780114999561237,-0.06468677053655503,-0.05704067335916796,-0.07147164947004492
2021-11-27,0.025958339235389705,0.02324655494514305,0.016374265676426303,0.008304494796155915
2021-11-28,0.018373068990611863,0.044392510044424904,0.048217169085520206,0.03922531732750856
2021-11-29,0.021170984184906816,0.009748898117819094,0.03508045044929298,0.018152163871240967
2021-11-30,-0.0026272166070826497,-0.013858989986877734,0.041927923919998555,0.021298145205990604
2021-12-01,0.008514458641362355,0.003936508510805847,-0.009605737064494413,0.1012514970243783
2021-12-02,-0.013537880347402997,-0.013140205787574133,-0.016500577593133392,0.018249850947432478
2021-12-03,-0.04008936883848979,-0.05098586481791345,-0.0644151456839035,-0.09730480037519473
2021-12-04,-0.04298212084024289,-0.08204639683653359,-0.023957757548988323,-0.04781438035449759
2021-12-05,-0.019846495438214706,0.003417522933012007,0.019112436240023678,-0.02464426412820897
2021-12-06,0.056425310421002184,0.02458589579002135,0.03820919928845279,-0.010037505202790009
2021-12-07,-0.016234508445033158,0.002322159783127109,-0.01002028298494384,-0.01854956062053703
2021-12-08,0.04813417313502866,-0.00385184874717448,0.028805240908762686,0.02111679335429728
2021-12-09,-0.05915769277132643,-0.05608726213196957,-0.07197932643737959,-0.06907564002932876
2021-12-10,-0.03268111959804809,-0.00899511908452133,-0.05129351127002291,-0.07298482771189774
2021-12-11,0.020535863394029574,0.044857216044006165,0.0450189266171952,0.023784128917657466
2021-12-12,0.011520832026442163,0.014906619570362878,0.01224172241858712,0.008619843565670582
2021-12-13,-0.08726399055641454,-0.0670851717099511,-0.08470922459893049,-0.10504778366530831
2021-12-14,-0.018775448809278616,-0.00267125345649466,-0.010249485280602655,-0.012058344621626138
2021-12-15,0.05828618065320579,0.04900151967252708,0.07287480532970947,0.16303057351270756
2021-12-16,-0.027319259771850457,-0.025181582897818466,-0.013915763227156375,-0.0077723310456373484
2021-12-17,-0.001026557224447222,-0.030699007215741814,-0.020942280956898096,-0.00820193256801971
2021-12-18,0.015569641474708629,0.013995731563123393,0.020975336205050432,0.041776041003726005
2021-12-19,-0.007341028224100876,-0.0030259427628138713,-0.009661431377819718,-0.01497018556480434
2021-12-20,-0.012848923570970672,0.003709543768351198,0.0028684990961875823,-0.03568205999437768
2021-12-21,0.010605735709550812,0.04386356169401262,0.021967194618366825,0.036970663748311594
2021-12-22,0.00933205470400189,-0.006295931447672265,-0.009492022978098258,-0.008303632818176032
2021-12-23,0.028260121906767077,0.04433669194360079,0.03162050877094025,0.06405026903660715
2021-12-24,-0.012435703095906248,0.0007414904357732066,-0.01461355562486455,0.0012464851271296595
2021-12-25,0.01000954775923879,-0.007719775485643066,0.011190288276532456,0.014966546225808619
2021-12-26,-0.0006051926128363139,0.0075284019171428795,-0.0063403613927860425,0.025268139616302365
2021-12-27,0.028604437910163982,-0.003328070621613999,-0.007321887161027885,-0.012985952101759457
2021-12-28,-0.04925594886182061,-0.06025942562091624,-0.058613436676413055,-0.0921246553236702
2021-12-29,-0.03912160991097824,-0.02404227880624954,-0.045347586768066606,-0.03814593448130965
2021-12-30,0.009550443519471763,0.01579112126431248,0.02351372914831229,0.01226800560146657
2021-12-31,-0.013877974555321582,-0.018476352917798256,-0.008406161003285728,-0.01419450666179567
2022-01-01,0.030572904099069875,0.029809396471367267,0.023641838167751006,0.048261402490161975
2022-01-02,0.007668388049416386,-0.007163274962024402,0.01588136117589123,-0.011960149587772029
2022-01-03,-0.03624539318935727,-0.0187368774698079,-0.017804782359288618,-0.034499377391230324
2022-01-04,-0.009040338769581435,-0.012065555013512697,0.008687307931515731,-0.013851275281608122
2022-01-05,-0.0639384580600314,-0.050734060615097554,-0.06422404850925867,-0.07645144794987191
2022-01-06,-0.0037497432012737475,-0.009366159015892994,-0.0371730634280415,-0.030099218701424624
2022-01-07,-0.053852599528187994,-0.03714070469186992,-0.06587795854818668,-0.09325538772018815
2022-01-08,-0.0391754780659318,0.004235994902819673,-0.031704077942472875,0.04479849921050816
2022-01-09,0.019888417799982516,0.004256970472081845,0.021274058960640163,-0.01174944286588886
2022-01-10,-0.03160710158825908,-0.0021554853640055605,-0.02364136800640171,-0.03467834594164154
2022-01-11,0.0908012866779706,0.021869109453241498,0.05027854349203764,0.03110524949486204
2022-01-12,0.05067567923453997,0.028389418684672707,0.04142745718356022,0.0821724922878182
2022-01-13,-0.02459572814302613,-0.030888714484173407,-0.03676163434271329,-0.03752770439392816
2022-01-14,0.03123664937785864,0.011930269358978673,0.018998586244709736,0.0010203874755274622
2022-01-15,0.010453105586502254,0.001802778677309158,0.006202201749167191,0.011235370893561747
2022-01-16,0.006949359143154199,-0.0014711291913973579,0.006122481592311324,0.0003744464603505637
2022-01-17,-0.045579405364253756,-0.020024366790964976,-0.04136680845756069,-0.05363653485450093
2022-01-18,-0.007787947455427546,0.0029604828561313745,-0.015029639521672689,0.011871835602987879
2022-01-19,-0.019455264490812585,-0.014897823244158781,-0.021554575451392277,-0.04092743034907209
2022-01-20,-0.04929896660594657,-0.02548634039729203,-0.030591452089873683,-0.06323701104245394
2022-01-21,-0.12938821750275242,-0.10381165615712484,-0.14767435465989753,-0.11980026930883858
2022-01-22,-0.06520348110497887,-0.039143484680769114,-0.05971640752836038,-0.15886680047139423
2022-01-23,0.07215324232503662,0.03558509252717301,0.053990906269038685,0.05733648505644018
2022-01-24,-0.032726988888101105,0.010406744495611076,-0.03735120652726631,-0.07961642722674378
2022-01-25,0.03567987162152275,0.008175727030871549,0.006385456601614825,0.03349901812820866
2022-01-26,-0.02304588030649657,-0.002757016878562668,0.0049248919678990255,-0.026206695574274907
2022-01-27,0.03814402219487034,0.007763821260712289,-0.018244935331225953,-0.02824813427820505
2022-01-28,-0.010264102716756263,0.017397102127314046,0.05121368460412512,0.0187477177568518
2022-01-29,0.00789568557576259,0.00936493083845824,0.019627353458854913,0.05377762946331743
2022-01-30,-0.029603948772118027,-0.005783656346668664,0.0024573075711489256,-0.030406419813188923
2022-01-31,-0.006185174589166342,0.01491453610450133,0.03257666428258821,0.06903882689862795
2022-02-01,0.027143908146701756,0.00676006528835682,0.03862634283851252,0.10266956190288523
2022-02-02,-0.04667656516039498,-0.046209029430310355,-0.039132735575322264,-0.07402669341627377
2022-02-03,0.009268923519297534,0.005456046132945147,-0.0013759251322007504,-0.0037173197779032385
2022-02-04,0.07590602490495701,0.116978066100073,0.11362666703116964,0.10561119241138006
2022-02-05,0.03801825748837406,-0.001438787435204647,0.010410717097086852,0.015333774561391067
2022-02-06,0.012905722789881224,0.023437312952531153,0.014206593311191451,0.012340007478386372
2022-02-07,0.03261556559151946,0.033665872045371525,0.027798951436755814,0.017826484840103296
2022-02-08,-0.05644243327566234,0.0063448528050995545,-0.00632052369720526,-0.03203665537336109
2022-02-09,0.0334871816273139,0.004994545046617338,0.037420119536786256,0.0037316342389950297
2022-02-10,-0.01738914226764887,-0.01744935921313273,-0.05000061799033162,-0.06855478593550057
2022-02-11,-0.03540389661497001,-0.026561982607033352,-0.04877319319619966,-0.09247329099969293
2022-02-12,0.007410540063094162,-0.0038546734323026133,-0.0034231086563658586,-0.004810825897892834
2022-02-13,-0.011162803013252454,-0.001111462077505676,-0.011619882910758439,-0.027878991020737764
2022-02-14,0.011968351863041793,0.009228086961576842,0.01734567720397817,0.034202386560092224
2022-02-15,0.07121968840318438,0.04668769779745485,0.08399521286202116,0.08752200012310407
2022-02-16,-0.01038661981477984,-0.013759752216496501,-0.01636765067071777,-0.02803770476752654
2022-02-17,-0.0595162423448089,-0.07788223029977337,-0.07876007915331673,-0.08360869003212368
2022-02-18,-0.00715830306662768,-0.012507647384577658,-0.03323095432766643,-0.03580931288306577
2022-02-19,0.0011872681170661536,0.0022777282826873524,-0.00790686342387692,0.015890558794279697
2022-02-20,-0.048038894688292366,-0.04214073972532317,-0.048866619788482835,-0.006505568536192441
2022-02-21,-0.0634533289141418,-0.03528620868790788,-0.02085949365019457,-0.08556799497760315
2022-02-22,0.04947610505827127,0.03265642371222732,0.02544204798341476,0.04020809685511462
2022-02-23,-0.020752925303867187,-0.025843815613622922,-0.01854268553832039,-0.01807196225670249
2022-02-24,-0.014472765517203445,0.027778400368163814,0.002975463126547284,0.050551481985964264
2022-02-25,0.037870945836748104,0.022998939789759643,0.0640739815309288,0.038164529882728004
2022-02-26,-0.00340392958591762,-0.002781397053842838,0.005996005841990337,-0.02653662366000875
2022-02-27,-0.03508128260176202,-0.03568234201898368,-0.05728286710874153,-0.05128059290556486
2022-02-28,0.09730477224207701,0.1454118392886461,0.1134332194172587,0.1637213801970585
2022-03-01,0.03253151866929027,0.026888524570001016,0.018252916606172453,-0.008709683923230682
2022-03-02,0.0012681219512851172,-0.009706302725009275,-0.0075245790678323266,0.02023321363645758
2022-03-03,-0.01576921923259611,-0.03351981142193561,-0.03920161771843611,-0.05077450573813658
2022-03-04,-0.07022669847979435,-0.07806935036049167,-0.07666797157791327,-0.07633746706132649
2022-03-05,0.02830085297032814,0.00671938064683042,0.018216357267732075,0.015885858020052046
2022-03-06,-0.025624408775144603,-0.024887994408395286,-0.04120099883208184,-0.056952396708788044
2022-03-07,0.016888655750597392,-0.009316643885282638,-0.02241302390450539,-0.028531520254328258
2022-03-08,0.0016098879144448297,0.017740259990833174,0.031618715552175436,0.0015182603693912888
2022-03-09,0.03036245233907464,0.08378639716414904,0.0593911064983772,0.0723034596211809
2022-03-10,-0.05436771844989563,-0.060630954045771346,-0.04459506244101141,-0.059669551150389744
2022-03-11,6.724118519318978e-05,-0.016291319622939393,-0.018590756322895086,-0.026454255508604918
2022-03-12,0.0014678911720473753,0.002810649293818468,0.005935060859578956,0.010017000195022163
2022-03-13,-0.029191487640569447,-0.027101257933814904,-0.021675689037740864,-0.032098367900528224
2022-03-14,0.03210263559497495,0.0480080837903738,0.02848473341224711,0.0283427645549732
2022-03-15,-0.004919617913080154,-0.008268101563720931,0.011368996119395458,0.021949890371324
2022-03-16,0.037401250532332675,0.04588714481344902,0.057976079871540964,0.059653241135062984
2022-03-17,0.016332160187901623,-0.00467993171076464,0.015439382650158429,-0.0003046424383059687
2022-03-18,0.014855545619925303,0.020750884742987363,0.04635711215367966,0.02213541463184243
2022-03-19,0.005552780772565047,0.009317830622209256,0.00031034161201071164,0.028902875134394712
2022-03-20,-0.02272125544012893,-0.022346848712323064,-0.029120965764543816,-0.04115307701401216
2022-03-21,0.014534040552928396,-0.004117262624553253,0.013115842942408973,0.0016062950718502833
2022-03-22,0.019844040421830744,0.031180014163224357,0.025933453702879916,0.01978169410217867
2022-03-23,0.010622487280157689,0.012610091153007819,0.019486538985025836,0.050707805210441714
2022-03-24,0.013502398365862422,0.024898646221148013,0.02540190286930155,0.07487706472183309
2022-03-25,-0.008006786678931843,0.008821397620525806,-0.0004474251140281771,-0.03488026865962157
2022-03-26,0.01243550105263469,0.003429583093865096,0.011751345351635134,0.03148326368973309
2022-03-27,0.035063167425595454,0.052126312256127294,0.047212927981994834,0.05227809709309983
2022-03-28,-0.0002610810399659158,0.0065678873583499,0.013688537758611341,-0.00578017138102338
2022-03-29,0.009560628312404562,0.0071661546110000085,0.0195865837458582,0.049265425758104
2022-03-30,0.018824077907093173,-0.008491735032190584,-0.004947058898670642,0.08046861330080257
2022-03-31,-0.03110279908922553,-0.03238210822970233,-0.030579115649246424,0.016255041063320874
2022-04-01,0.04123923324564993,0.016315115388267687,0.051166270347545506,0.09595090226498759
2022-04-02,-0.02160509033246416,-0.008917040798352427,-0.0013024646682661123,-0.016603848370715935
2022-04-03,0.030651928359754166,0.012745379989237415,0.022575567663241758,0.03461801048848745
2022-04-04,-0.006270569854425978,0.003640395949819908,-0.0004519898990444915,-0.03189684447552288
2022-04-05,-0.005256300301333172,-0.02287907280900814,-0.031082429152761826,-0.041917392830482014
2022-04-06,-0.05621694753889239,-0.05156849392240015,-0.07037373677091652,-0.11018922381149432
2022-04-07,0.039630049517133115,0.006876459247305178,0.019416376407197067,0.05238265781400475
2022-04-08,-0.03461458034143472,-0.02795577079433975,-0.012742710703286475,-0.07572306206893542
2022-04-09,0.012985760107457889,0.011693070951357853,0.02187990808226714,0.028887866240137283
2022-04-10,-0.020045222706002175,-0.013427680050824398,-0.015343531967263346,-0.01089071333108671
2022-04-11,-0.058538773243288156,-0.06363225953812457,-0.07186309437345806,-0.11099932713404503
2022-04-12,0.05020986276390049,0.015315083892861292,0.016545908853034197,0.03993679234596015
2022-04-13,0.022364843187356653,0.025906300465151855,0.0290286617712483,0.016412892362399623
2022-04-14,-0.020009045714612483,-0.029908006531745968,-0.03156637206525337,-0.04089584870537022
2022-04-15,0.006342500471566259,0.015473675726454417,0.0069561954118133595,0.005977436468998842
2022-04-16,0.0004426687639009774,-0.0031805042860567623,0.007035312808044258,0.00935290075401718
2022-04-17,-0.02419463427235835,-0.017502542356175654,-0.022501632953508044,-0.018068321804756482
2022-04-18,0.023542520525767108,0.027929174608607443,0.021448285536718847,0.01741696996406028
2022-04-19,0.012995325187230788,0.016571096753378534,0.015207893160284813,0.06287776445369464
2022-04-20,-0.00954765624102516,-0.003093074404708074,-0.00849216873439762,-0.0284119717280642
2022-04-21,-0.03186962783740932,-0.020471984048854197,-0.029328327006015287,-0.035269849229477956
2022-04-22,0.004854222990906321,-0.019420038833716236,-0.007579971791462747,-0.011437704432128326
2022-04-23,-0.013108639086478191,-0.0063811726165236005,-0.00901287034129783,0.0013157991519647805
2022-04-24,-0.006341523679793237,-0.0004416040475622163,-0.005235109183876596,-0.014974961708927315
2022-04-25,0.013141650962674722,0.025057850055308917,0.029650638144067543,0.020273338256823203
2022-04-26,-0.0466605785014812,-0.057858267871623625,-0.06682250466394446,-0.0539813559615786
2022-04-27,0.015468302322390715,0.029478882606909007,0.028711816872254436,0.027110665475685858
2022-04-28,0.039015281716224814,0.013575224570606004,0.01661903738138304,-0.0019632074070655703
2022-04-29,-0.03357616244859629,-0.02926557389929385,-0.041314794787239206,-0.04251519107339896
2022-04-30,-0.03891074600882727,-0.023179313474195662,-0.030336334797430475,-0.09483337262538394
2022-05-01,0.03312659103996096,0.019997911964443782,0.03573723860073175,0.05376963004364299
2022-05-02,-0.0015663754734626112,0.001565786170879102,0.010486865128902734,-0.02331278102449119
2022-05-03,-0.015897668115414487,-0.020215120218891713,-0.02587450581867512,-0.01985178866630799
2022-05-04,0.04961683498816427,0.051599856624237495,0.05646480841047263,0.08071158665326639
2022-05-05,-0.05895373391288805,-0.07867402068901796,-0.0650985260875554,-0.08811849277706019
2022-05-06,0.001401021974992256,-0.014606061408683924,-0.01972688030319758,-0.03347576741698588
2022-05-07,-0.035908315708618965,-0.014954355270636377,-0.02185052375578611,-0.03400863209195493
2022-05-08,-0.02812637880644464,-0.040636848764922684,-0.04500336515045189,-0.04764591019670095
2022-05-09,-0.15770963134394766,-0.11046369999353145,-0.10805714698013369,-0.15887399257145063
2022-05-10,0.0667382602991966,0.02396125848050934,0.04368007377831029,0.05526343079846807
2022-05-11,-0.15458825009035992,-0.06725839173272163,-0.11581014355526464,-0.24795950211474505
2022-05-12,-0.0020577336555831494,0.003849706798608521,-0.053282488294059016,-0.1100809855412429
2022-05-13,0.07860568103283927,0.008102229834508146,0.026872933410718503,0.08750330280312468
2022-05-14,0.02341285523641745,0.027939733537411415,0.020778065161833226,0.07868684464460052
2022-05-15,0.049161824510043584,0.03999325713567892,0.04349267877534668,0.12198347687237354
2022-05-16,-0.045824530811183095,-0.046069001557128786,-0.057314837096923754,-0.08781989566206017
2022-05-17,0.027722694127795267,0.018850785235190015,0.033461392764142284,0.06485356213829974
2022-05-18,-0.0605453324968257,-0.05605711989808215,-0.08311915841461581,-0.12900366874700342
2022-05-19,0.0673283649690184,0.05550304428240649,0.053050754503766395,0.04939619537767004
2022-05-20,-0.014447406760167647,-0.036734890846488066,-0.02825124393605738,-0.05124046389204928
2022-05-21,0.03342650322622576,0.007927413013061102,0.006731520527228918,0.015734675124553066
2022-05-22,0.022860004217255314,0.030289794482822652,0.03476891305694485,0.04843593792134793
2022-05-23,-0.008912294799897746,-0.04039123144227663,-0.03474418451813721,-0.07010363532790231
2022-05-24,0.036080161007976175,0.019130468401079792,0.0034484158752532412,0.012159058983002957
2022-05-25,-0.007479002442601468,-0.003143576713387941,-0.017258819749310206,-0.03365151328439586
2022-05-26,-0.0637662106726472,-0.009983529917456657,-0.07245605236746355,-0.0936012443648011
2022-05-27,-0.013089686860618621,-0.02185551924250806,-0.04378840002928741,-0.05770970163916023
2022-05-28,0.022737605974781472,0.006543557286537771,0.019142259532667127,0.08203284478638873
2022-05-29,-0.005978785893535288,0.02190035821988534,0.030768501122035552,0.012774281173549173
2022-05-30,0.051565744159471905,0.07744470968730455,0.10176993535099799,0.050542157141054034
2022-05-31,-0.003940265188962067,0.0020777630413166825,-0.02710486988964189,-0.02991985321893742
2022-06-01,-0.062346262341863024,-0.06269536357891181,-0.061142436711543735,-0.12013179121278006
2022-06-02,0.02528324347610522,0.02243049790035867,0.00580245376432198,0.015437857340705019
2022-06-03,-0.031495722165449935,-0.02504629358369581,-0.03220668042518249,-0.06436877514186634
2022-06-04,0.01083535097815469,0.004326748833952898,0.014946314822654516,0.017570299394032984
2022-06-05,-0.008939432401284142,0.00247203631266113,0.0019956927348694364,-0.011582217488458557
2022-06-06,-0.011837689026984122,0.048952630028413324,0.029960430041737984,0.10271683373414531
2022-06-07,-0.017112285432660634,-0.006859698773187373,-0.024332589842456676,-0.07059482859447097
2022-06-08,-0.005941413288223174,-0.03020730515832104,-0.01128750197501005,-0.01506695041352446
2022-06-09,0.004516582407882552,-0.003387708269364409,-0.0020886896458599535,0.02907158084865924
2022-06-10,-0.013358719767513683,-0.03414563715680452,-0.06971840279684127,-0.07212037051970499
2022-06-11,-0.05789157103385856,-0.024858994495164377,-0.08130651657115606,-0.08812808165498631
2022-06-12,-0.05022920429644817,-0.056351073137826724,-0.05520619538595595,-0.09100369129132935
2022-06-13,-0.13066998879277247,-0.15974726027617203,-0.16650362093294369,-0.08297454922123437
2022-06-14,0.003215509055290111,-0.012477914053041661,0.0058776186564533095,0.053995364428336856
2022-06-15,0.04558464171372156,0.01648355417709846,0.017780176430609806,0.16063887980615976
2022-06-16,-0.10222068193887679,-0.09707194434960298,-0.13418330070586004,-0.13042817969679033
2022-06-17,0.030319251698782912,0.004407495444594733,0.01759673482453694,0.02511450868146836
2022-06-18,-0.08730670023397935,-0.07101780974085614,-0.08548629410097963,0.034642636273754635
2022-06-19,0.09072909479370672,0.0807475952890373,0.13487797259723666,0.07657875123699376
2022-06-20,0.009369662773929033,0.002251010260589048,-1.2448902667161477e-05,0.034265132325096426
2022-06-21,0.011820915292701573,0.0053914098304885805,-0.0024989047535589615,0.019878647845672948
2022-06-22,-0.023857596164688077,-0.034937106663198714,-0.06525702846678672,-0.055356008509923726
2022-06-23,0.06856950452963195,0.05497803800296652,0.0874671204172921,0.11879842348309877
2022-06-24,0.04928751386314412,0.006913598955313738,0.07299193391343572,0.10574436457472314
2022-06-25,-0.002279624736840513,0.012748964915301864,0.013532415710079349,0.002860929354709496
2022-06-26,-0.02433098233571951,-0.02209261947079333,-0.035076073128295526,-0.06908883094282547
2022-06-27,-0.0008754308888843099,-0.013877981325425726,-0.005126553295592751,-0.024280210799107915
2022-06-28,-0.028789080994595984,-0.02193553187871977,-0.04113448588718749,-0.08126687477337025
2022-06-29,-0.03367980306497287,-0.008708372798288844,-0.03987087571947978,-0.04111757600521948
2022-06-30,7.12544761067857e-05,-0.01588223750298734,-0.0287958475755975,-0.008427854555937975
2022-07-01,-0.014977820493400684,-0.02604834458398897,-0.007056593656957433,-0.023381482480072102
2022-07-02,0.009350142889040791,-0.0014069651515379311,0.006365060690327828,0.016959975476583233
2022-07-03,0.004334545417899793,0.002848954556089245,0.0068017470323764595,0.0007950857230025754
2022-07-04,0.057511155595524555,0.04841073013105235,0.0719822052433643,0.10181226478023908
2022-07-05,-0.003142699718418851,-0.0020338071321012174,-0.014350320208673328,-0.03777288647953558
2022-07-06,0.033154431097301096,0.017737930428710857,0.046215150158809504,0.047407339709779395
2022-07-07,0.012765499798724766,0.053013857820514154,0.04264574018240608,0.03896965945342812
2022-07-08,-0.0032863207074275147,0.004322538045727464,-0.012190723060375164,-0.006012373750203359
2022-07-09,0.010344128875950709,-0.006392223420980114,-0.00452182081846908,-0.0056092510696315045
2022-07-10,-0.035296238697495874,-0.03388990349346599,-0.03991579906928,-0.03609878465013605
2022-07-11,-0.037489299918821106,-0.04265931997884009,-0.06090802885970559,-0.08812587200617705
2022-07-12,-0.023881993773351318,-0.03237979740682695,-0.05381238956798651,-0.02109770296942115
2022-07-13,0.04563187599427332,0.04596171114078618,0.07262195547819328,0.06573569264139079
2022-07-14,0.03314051517272243,0.017704551212910147,0.0699892112978604,0.06292824726528745
2022-07-15,0.0017194645916061013,0.012951348577769028,0.034915643229785465,0.0083029789589264
2022-07-16,0.04619062710163013,0.01698899533192111,0.09690575753178088,0.0576811966851547
2022-07-17,-0.006992927475444777,-0.01939436147960416,-0.010343374922703541,-0.02348507858836013
2022-07-18,0.06874186649533542,0.08211740099467768,0.17934838115706353,0.13200862505851152
2022-07-19,0.014841379729868986,0.0401919693193753,-0.02264031837667424,0.026372990862322032
2022-07-20,-0.038980061090256535,-0.006742410894342465,-0.014760143806359038,-0.062499187569184045
2022-07-21,0.027575217542407993,-0.0028884421706671937,0.037198265160175215,0.026059116037070007
2022-07-22,-0.009738147536688668,-0.01941107679491816,-0.02495282862569259,-0.05955209056933064
2022-07-23,-0.012988671422972553,-0.010983941711781742,0.00773532856566761,-0.014218300571465003
2022-07-24,0.009257024513048773,0.006395837363315726,0.03238835646038862,0.024115462465495563
2022-07-25,-0.06383586216091108,-0.05517510011323534,-0.09633979863866915,-0.10472918602779813
2022-07-26,0.01554109248494906,-0.005708686992848544,-0.0024745407341075776,-0.014195491815628514
2022-07-27,0.0905612839040788,0.0796052030234431,0.13484879413164408,0.1137579363385357
2022-07-28,0.021323969514384977,0.0398306162434614,0.054537154456223425,0.06295097289433049
2022-07-29,0.060078577059456295,-0.0016462880701044735,0.0011236618798609044,-0.021432240912494405
2022-07-30,-0.021830695445089088,-0.006235163651508224,-0.018199243328242076,0.04362086090952788
2022-07-31,-0.013760583758155365,-0.013497960448739299,-0.008521467271251915,-0.030982941749611026
2022-08-01,-0.00014097645241262224,-0.0009725914343493569,-0.027547461014490793,-0.014474457350674874
2022-08-02,0.0009927863694649819,-0.014415336683737068,-0.0013762059625289647,-0.04862765239167599
2022-08-03,0.05121466679483522,-0.0057275961266136655,-0.008616897144064772,-0.030438985914087446
2022-08-04,0.04139096031270739,-0.009434736504108754,-0.006590196519029812,0.007426623495129014
2022-08-05,0.01441713838504155,0.029091011085651708,0.07713492098552788,0.044561630803436225
2022-08-06,-0.000370061967467028,-0.014085221654344782,-0.023435675512644583,-0.012426323713787935
2022-08-07,0.024922274683756962,0.009346662498644243,0.00454746092581626,0.013695081777374218
2022-08-08,0.005819601794833984,0.02733856978257987,0.044820223025767714,0.038540517404649366
2022-08-09,0.00034454376842751877,-0.02709709734425869,-0.04082817853633558,-0.04263467754198491
2022-08-10,0.01095322534333798,0.033815983988709775,0.08732558197044393,0.049371182775054034
2022-08-11,-0.014220210207925188,0.00041284726535173455,0.015920919087778707,0.010761520978199268
2022-08-12,0.011471415567874343,0.018586602023192844,0.040411101481618195,0.0586843763849636
2022-08-13,-0.011127840931062116,0.0008708010561344626,0.012308152490466462,0.025379841445410722
2022-08-14,-0.018166275731144266,-0.004288162539464846,-0.02247702236489202,-0.03374781662837778
2022-08-15,0.005977186095760478,-0.007498615226969818,-0.016818369924346488,-0.02434170000889202
2022-08-16,-0.010827635427249183,-0.010510085263709001,-0.01370043034245405,-0.0151613053452756
2022-08-17,-0.030930877552943437,-0.02291530796119967,-0.02403430246154259,-0.06385145532606051
2022-08-18,-0.027704401195000505,-0.005281958173694035,0.007642215771740624,-0.021231623565418745
2022-08-19,-0.06179123745635906,-0.10059931398792521,-0.12670250024321428,-0.09242510402453274
2022-08-20,0.014208653167315122,0.013819043648011897,-0.022308619790894157,-0.017289520361344568
2022-08-21,0.06472884148623437,0.01738918520335342,0.02683264680235764,0.035822949552275274
2022-08-22,-0.004956566017834341,-0.006279006699941081,0.0019680431761850414,-0.02898237321471253
2022-08-23,-0.005087767233938334,0.006036741981122917,0.024815958508431768,0.0048449383164239634
2022-08-24,-0.008628772255828476,-0.006181150878381003,-0.0034344459615821554,-0.01931017670272983
2022-08-25,0.017318191162647434,0.009623023027591993,0.023775751072091955,0.010256538405466253
2022-08-26,-0.07290008503087286,-0.06207539958496022,-0.11121660664574373,-0.10165517408243396
2022-08-27,-0.006425651174164937,-0.010773990107132536,-0.010868818096081423,-0.0057973694568350664
2022-08-28,-0.005582004705700361,-0.021201944769558057,-0.040799154786720804,-0.0364634678692477
2022-08-29,0.03609226453402603,0.03472427641744291,0.08562456118434225,0.0682084716433613
2022-08-30,-0.016756437293359405,-0.024691382971281484,-0.018800891209749815,-0.03244207829240375
2022-08-31,-0.0077720639887500775,0.012777568511970205,0.019586105840063928,0.0019387376157966596
2022-09-01,-0.0029396483569422704,0.0038592451457939436,0.020912747832753542,0.003581563737186766
2022-09-02,-0.0035957872565430815,-0.007818752974256604,-0.005646469590486647,-0.011326273587571767
2022-09-03,0.0012957666964308334,-0.006894600364241943,-0.01290103625298844,-0.003792961936191608
2022-09-04,0.0038386535049410586,0.007796708085036963,0.013340153730219573,0.03206330172739014
2022-09-05,-0.00773178331394353,-0.008722884940063236,0.025063757153335864,0.0027312542311985766
2022-09-06,-0.050662200086384446,-0.04919669232863699,-0.0342785476863805,-0.04046964595858071
2022-09-07,0.061267081501612974,0.024029314602578067,0.04364200470163615,0.058888737275541114
2022-09-08,0.006515115139377192,0.0020481649337233954,0.0033384029125402837,0.027444291065240822
2022-09-09,0.0457258746853777,0.10612188190716765,0.05120488762662756,0.03365558854091888
2022-09-10,0.012139855310257186,0.014002365912589188,0.03322597265817717,0.01113890346587465
2022-09-11,-0.00608544866850369,0.004092001431295067,-0.008109253593359123,-0.00457675993328166
2022-09-12,-0.00509260676121992,0.027616624254801714,-0.02726460932443109,0.07030327018518312
2022-09-13,-0.05476352619128555,-0.09270006906083372,-0.07759364606085906,-0.10670550250878519
2022-09-14,0.00651685791028922,-0.0027402074343571003,0.03413932940354747,0.0197648524228613
2022-09-15,-0.03070656246327108,-0.026672422800232853,-0.09974676508128455,-0.030620122120632143
2022-09-16,0.01420823097207502,0.003622774615297697,-0.026667052639602784,-0.02538226984508818
2022-09-17,0.016729221197480326,0.017953757980268437,0.026035117309375133,0.04787253508941158
2022-09-18,-0.0463247567713122,-0.035179114785287124,-0.09145321094699688,-0.07972923394507236
2022-09-19,0.02161610258349511,0.006417415961943007,0.031611892696747024,0.05233277015315796
2022-09-20,-0.020951334262983234,-0.033428956945789956,-0.03858555462874502,-0.038312697473091406
2022-09-21,-0.005922277384432073,-0.018177571658806957,-0.054198909652784066,-0.019300161177516983
2022-09-22,0.040439996417996005,0.04669928789927913,0.05993287636350053,0.051336785897697634
2022-09-23,0.004087025190435689,-0.005970680514919002,0.00043635938360231386,0.03911674003625332
2022-09-24,-0.005389492998447043,-0.01868762076318642,-0.0077290884691642026,-0.0063541217345285395
2022-09-25,-0.003903995236719804,-0.007124358610731463,-0.018039916825051683,-0.03368797176207616
2022-09-26,0.006810914254860023,0.022368473265013344,0.031759279939756135,0.047786468056883136
2022-09-27,-0.01277981207759149,-0.005832956039052206,-0.003888584116399585,-0.033364994352358734
2022-09-28,0.03443324452215957,0.016544467837213528,0.005475566897929385,0.01481855507993357
2022-09-29,0.007125430515518172,0.007532412719634118,-0.0013148875463555587,0.021573672956845424
2022-09-30,0.0014209826029101258,-0.0072171538473359,-0.005745287005705868,-0.021795349011750065
2022-10-01,-0.004646056827591338,-0.0061596674907298254,-0.012300068730000668,-0.0223726268006349
2022-10-02,0.005519062325799684,-0.013876706359042923,-0.027104071096941795,-0.012741114920396868
2022-10-03,0.009137041023554504,0.030427924155919772,0.037102064157215064,0.028448060734893144
2022-10-04,0.032283787381462536,0.036347275524413414,0.02923245561039156,0.03502982551794309
2022-10-05,-0.007292636975507971,-0.008660486125090072,-0.006819798394790189,-0.0014239238206904536
2022-10-06,-0.02551019614137473,-0.01018185214187517,-0.0008335707960394068,-0.021455254793185663
2022-10-07,-0.012041401861158763,-0.02047530303595302,-0.01419869082155445,-0.010237717690507075
2022-10-08,-0.02370591411233358,-0.006665076603316944,-0.012770178469562854,-0.01283369028067527
2022-10-09,0.006396702635010909,0.0015377290838616275,0.005400043427506773,0.01031216225552134
2022-10-10,-0.023116918870214387,-0.01568110303046133,-0.023640179296771646,-0.02865199682389452
2022-10-11,-0.0015991617845805273,-0.00470529894576166,-0.009108355915005362,-0.03734547195504101
2022-10-12,-0.0014754341341237653,0.005565325579645286,0.011981072064065401,0.012626903801036038
2022-10-13,0.003249062019029303,0.011768739552548313,-0.005237807805579919,-0.019924796614868456
2022-10-14,-0.008402534029140263,-0.010176392755898878,0.007218418789969316,-0.01758422642510904
2022-10-15,-0.004314642398765445,-0.0061515479500473536,-0.017380939253601735,-0.014398765767410948
2022-10-16,0.015334622313763369,0.010513049302600663,0.024649481713894028,0.020067135302463512
2022-10-17,0.010981268170626945,0.014670058500208416,0.019457289858260562,0.035004195759276824
2022-10-18,-0.008340832228990847,-0.011065647631146036,-0.01596935046278447,-0.03396474509413938
2022-10-19,-0.004513724638223415,-0.010079479991405349,-0.01885063522910002,-0.04188830245497299
2022-10-20,-0.009964223540876449,-0.004482602172654282,-0.001978103293734268,-0.02822421774798911
2022-10-21,0.0028489889647860256,0.006231244583192241,0.013049775009127629,0.0008396108329424834
2022-10-22,0.0016333622229638411,0.0018631248583989013,0.011041057600688076,-0.0033731328172912356
2022-10-23,0.020440316856277452,0.018680488353712166,0.03739470233280473,0.044842385260985385
2022-10-24,-0.007357614286049197,-0.011316781236911488,-0.013530768733529763,-0.032798236563699845
2022-10-25,0.0381604759887062,0.03878330120960949,0.0867412618435559,0.09289669544346824
2022-10-26,0.020899360910100917,0.03356831063305088,0.07176830260791678,0.01114240162629021
2022-10-27,-0.012166485743199229,-0.0233314959115013,-0.03331602421634816,-0.020907860919178956
2022-10-28,0.038941270995694666,0.015257721000682789,0.027141910462713303,0.048338501584349824
2022-10-29,0.020817014972050574,0.01083375534148523,0.04128672020153079,0.02322751558458136
2022-10-30,0.031348691001577444,-0.008784170461560437,-0.017852187537918507,0.0033113909084079296
2022-10-31,0.04017763828580101,-0.006776156462742766,-0.011358459301194612,-0.010765439367466656
2022-11-01,-0.005458011398340901,-0.0005123007449325812,0.004444616238050703,-0.011119353994975656
2022-11-02,-0.01364502348150154,-0.015902620594443806,-0.03797722576567086,-0.04528432475554289
2022-11-03,0.029881057428713165,0.0025042468919260763,0.007784341818641627,0.001812497092180232
2022-11-04,0.07488055996177767,0.0463751969796804,0.074142044046136,0.09522062724830427
2022-11-05,-0.014538815698152852,0.006405611254872046,-0.010409966011469485,0.08836097281583033
2022-11-06,-0.028244077905369203,-0.01673684363155281,-0.034234871794410315,-0.11103210608425629
2022-11-07,-0.006997322479741497,-0.015466997985227438,-0.002317359184151657,-0.09430536759415042
2022-11-08,-0.027667290906797426,-0.10006131594948431,-0.1502977455077471,-0.18405947822209678
2022-11-09,-0.18565445011550363,-0.14349022466876316,-0.17456449729905577,-0.4228090368113009
2022-11-10,0.13950344243635504,0.10742489862358795,0.18114912792558768,0.2683157149299278
2022-11-11,-0.04689387244902821,-0.03141443647663533,-0.009421980619647496,-0.0766150493789205
2022-11-12,-0.0258065840848114,-0.013802006476365758,-0.02482305452438449,-0.10949790751475741
2022-11-13,-0.020407362535059592,-0.026538209918333333,-0.026646969734394843,-0.09453693373830319
2022-11-14,0.0072275543683049115,0.016194463988263186,0.016193094653558227,0.06356682323229434
2022-11-15,-0.006118229387701679,0.016031463998783302,0.008160376403149927,0.021422082206119963
2022-11-16,-0.01730902514469934,-0.0127437818409466,-0.028866838569826303,-0.0011038281290323138
2022-11-17,-0.015327343063875842,0.0010845070736082985,-0.012170051342529575,-0.04527478695633569
2022-11-18,0.022427820831678824,0.0006148167681003791,0.009569967502366605,-0.02868581417708238
2022-11-19,-0.005557492861368529,0.0008246325823211276,0.005053586870582327,-0.029928859729175916
2022-11-20,-0.029965515066390336,-0.025115259939095247,-0.062342756772829966,-0.046547359179949344
2022-11-21,-0.03809818539261667,-0.030969374751391165,-0.0298596433605115,-0.03318618492940584
2022-11-22,0.0478269089030785,0.025494274188105903,0.024198458350936924,0.04975570878264968
2022-11-23,0.11836357769457151,0.02600021570334854,0.04230729897957275,0.15406438093888375
2022-11-24,0.008663439504542403,-0.0003757930043709612,0.01756556510001106,0.016084631107466052
2022-11-25,0.0004988613345286996,-0.004975953615638518,-0.004200433335394882,-0.03560555718072611
2022-11-26,0.035966608896239594,-0.0034839061881034583,0.005815243360018485,0.006830337897674399
2022-11-27,-0.012714560785889062,-0.0011937537130568554,-0.008931930020055212,-0.0030670861186620213
2022-11-28,-0.045220279887228765,-0.013822428939733733,-0.02095239457105269,-0.0503868065934604
2022-11-29,0.006714595436345672,0.014038085481754337,0.040009927654150346,-0.002594969598003871
2022-11-30,0.017922862651251315,0.044000289316970864,0.06474424595402373,0.05577607880402713
2022-12-01,-0.02918318591855118,-0.011732697360023692,-0.014984057799110495,-0.04494910755722015
2022-12-02,0.005175368623003163,0.007162515027905547,0.014126606037395906,0.01740762120626882
2022-12-03,-0.01009907250848352,-0.010558102652595158,-0.03937910387625765,-0.03012489804018126
2022-12-04,0.005937293650687847,0.013144481522908036,0.029695743878074943,0.03125444935914179
2022-12-05,-0.013048848977672445,-0.00908673304822849,-0.016074772913678648,0.008229498293139237
2022-12-06,0.0065176972777691855,0.006755753090715411,0.009508035062938625,0.03309507643708631
2022-12-07,-0.020905612425881626,-0.01412428087141393,-0.030838824473082838,-0.053832255997650624
2022-12-08,0.02199468580737851,0.022871839541696026,0.0394980134958669,0.012542408557781659
2022-12-09,-0.015305259633024981,-0.005821360340788395,-0.013138184671514397,-0.00796499140669027
2022-12-10,0.007112401783924582,-0.00025843080632004245,0.0016605160885547754,-0.0002350444621678216
2022-12-11,-0.012962427685971223,-0.0014321702613265819,-0.0019864627881867047,-0.010988154963800123
2022-12-12,-0.028524917895396462,0.005977723618808328,0.00850601785212901,-0.008137241275421814
2022-12-13,-0.015659967365816985,0.033410801008343594,0.03603443469196854,0.03870106818900787
2022-12-14,-0.013679465641034061,0.0019307922256450727,-0.008496812562910572,0.022158438592178475
2022-12-15,-0.037123989309408745,-0.02530276169357326,-0.03282205022719986,-0.008416571033010745
2022-12-16,-0.10470006722112768,-0.04131220425223303,-0.07746214058242495,-0.12515803305805362
2022-12-17,0.048854929794670765,0.008866650272798315,0.017025445486444024,0.01938578044386352
2022-12-18,0.03557139845300217,-0.0022098857704312413,-0.0028904831146532306,-0.0073001318352649
2022-12-19,-0.04180097127635629,-0.01899375344110854,-0.014438361671959554,-0.03870621768425253
2022-12-20,0.04606844516302888,0.028384068842582266,0.04290281503722926,0.02915188387486989
2022-12-21,-0.022632290662145782,-0.005250676176186131,-0.0033699807166168716,-0.012339003341836019
2022-12-22,-0.0006354754298234511,0.0007615052090579333,0.003775670247603724,-0.02755020516720852
2022-12-23,0.001047429525163679,-0.001983838015767403,0.0016231521337866095,-0.0007344894291818616
2022-12-24,-0.006145280244628459,0.003024520816182319,0.0008106610684399662,-0.02900776465727639
2022-12-25,-0.006107182477719797,-0.000342451024228807,-0.0017905466295349282,-0.004925837442781078
2022-12-26,0.004346412421182944,0.004620497716771643,0.006573075177125132,-0.007138465341750444
2022-12-27,0.009821492786172614,-0.011975957353969946,-0.011559116196452335,-0.019562087581977528
2022-12-28,-0.00995454477951807,-0.009846255365429935,-0.018804171717317075,-0.11993436635295718
2022-12-29,0.00957557412976251,0.0054232979508825885,0.009755788816300015,-0.010672828788885536
2022-12-30,-0.0028420207765660344,-0.002388838052975517,-0.001966176761464933,0.023663353697023437
2022-12-31,0.002319060192693012,-0.0033181483870876605,-0.002052602193683639,0.008184271295804013
2023-01-01,-0.008980013987217261,0.0046885633896178724,0.003504097838116227,0.0021217041110757062
2023-01-02,0.005730085593153467,0.0038129515588565255,0.011400643850810077,0.1293099585585915
2023-01-03,0.002433281146169586,-0.000516121662866742,0.00010059829352737637,0.1837207753979231
2023-01-04,0.052761348681722664,0.010994150293785143,0.03436658792451519,0.006824565548661843
2023-01-05,-0.010407693755407288,-0.0015715814888571655,-0.004845112423745301,-0.00117478059109144
2023-01-06,0.013432131336712727,0.006844106816741524,0.015147028977039678,0.007937212404326655
2023-01-07,0.005447706236061167,0.00018342264818071996,-0.00402452101708739,-0.03205521194471672
2023-01-08,0.05014578853117757,0.008025112314249405,0.018262795354943462,0.09377022746837582
2023-01-09,-0.0061356571256971915,0.006167530562816603,0.026550037838815266,0.13844552223170425
2023-01-10,0.01682463648811905,0.014522576515372032,0.011386058087499595,-0.006486111335356481
2023-01-11,0.027973877386070045,0.02800615102017323,0.03841629150614301,0.010044692800587063
2023-01-12,0.009703113484170522,0.052115795988246116,0.021619013988194213,0.01587026767377342
2023-01-13,0.020571231047281646,0.05511441660269112,0.02375024880007759,0.10045109899789573
2023-01-14,0.03917883795428234,0.05357847423830919,0.0682633136301174,0.3259442752355657
2023-01-15,-0.010386776191217417,-0.004552757413617381,0.0011430806152468165,-0.05674980532811058
2023-01-16,-0.010167856927451147,0.013832516023570829,0.015687166258109064,0.030789513183569373
2023-01-17,0.0027601637828502668,-0.00038325091993141047,-0.0056996675806778585,-0.029413577745106223
2023-01-18,-0.04280325507778904,-0.022339524368838015,-0.033382812478710555,-0.08885791109066299
2023-01-19,0.02739160259813711,0.019238045679950355,0.024446974889233086,0.02763138191121861
2023-01-20,0.03432557587849039,0.07539125404137925,0.0690458804911851,0.19235314581108653
2023-01-21,-0.018729534537979764,0.004457126566322689,-0.019663144882297257,-0.03602721444349577
2023-01-22,0.012648745333304845,-0.002511630794474806,0.0007767819470894111,-0.016040715361119173
2023-01-23,0.008109785215361764,0.009419529327844067,-8.043655534839544e-05,0.00515900835901828
2023-01-24,-0.016012074210564275,-0.012991945703908492,-0.04400233517182761,-0.06413277594482159
2023-01-25,0.022272248061385946,0.021266153759075257,0.035401940854640435,0.07789952355763274
2023-01-26,-0.007943509028976226,-0.003680359408276712,-0.005339109940311948,-0.008983960739340158
2023-01-27,0.010681923993582698,0.0019950339114214177,-0.0030874209336673175,0.00234742078228356
2023-01-28,-0.006097511453880711,-0.0020641809553220147,-0.01609444108957936,-0.017455686199000398
2023-01-29,0.036219082504518774,0.03228143207915801,0.046883068812149764,0.08967571226523097
2023-01-30,-0.032354750548469924,-0.03930367092328346,-0.04788678522483769,-0.08365350093501178
2023-01-31,0.01723448929257132,0.013097316769725253,0.012255813857491304,0.0002599808885372923
2023-02-01,0.016364209594363688,0.025259482888651652,0.034828926102213,0.04345306307126284
2023-02-02,0.018512455418861373,-0.01061797692681965,0.0008824820072261819,-0.02913974491819804
2023-02-03,0.027582774087855588,-0.0009606745041729203,0.013086346292204398,0.0171373269624715
2023-02-04,-0.00497061843644897,-0.005009723012217249,0.0013897610693263118,-0.014713871778587406
2023-02-05,-0.00831094862576931,-0.01612309690031044,-0.02124299484445158,-0.03389732398959577
2023-02-06,-0.009888656740840607,-0.008518883333286542,-0.009437589342205732,-0.033500853431848165
2023-02-07,0.026494110440509644,0.022151986720186922,0.03449749159686455,0.05086534404474463
2023-02-08,-0.015422542892522206,-0.013965290320121615,-0.01273127876485547,-0.028023801014578242
2023-02-09,-0.06744590104800485,-0.04883996317743455,-0.0631716867790626,-0.11816419878912521
2023-02-10,-2.0547171168172618e-05,-0.007693073387383564,-0.02041406577709526,-0.015744947334209614
2023-02-11,0.015237237425945072,0.010146854341645195,0.01654111006391079,0.03477305943968978
2023-02-12,0.007448518244659752,-0.003779998514005456,-0.016165097645040705,0.03167933175160553
2023-02-13,-0.05897272685338195,0.0009132665684197239,-0.005193150420476522,-0.03256767721629428
2023-02-14,0.005586272593189445,0.018924303145655852,0.03298192238041198,0.049776238532110106
2023-02-15,0.07108210508785073,0.09392266116037784,0.0750675811775845,0.09433919556994286
2023-02-16,-0.03911324553899298,-0.028154173176657027,-0.020121538929091298,-0.06690489722803217
2023-02-17,0.028265466859900945,0.03988096453648349,0.03336185492779764,0.039522923879541594
2023-02-18,0.01054546941844059,0.0030805588480080637,-0.0017488177653378623,0.013460422081148504
2023-02-19,-0.014989314409795673,-0.012728023845912761,-0.006137357465717308,0.058017096327857454
2023-02-20,0.011033003525700691,0.020614650916729094,0.0126314719596059,0.05396919218397711
2023-02-21,-0.01238333981015427,-0.01581991113645098,-0.026216858452078218,-0.047087961486711905
2023-02-22,0.004202986092433969,-0.01012875204423358,-0.008929048666112882,-0.0307516763848954
2023-02-23,-0.013578800009210412,-0.00997780485063493,0.004772402538407272,-0.011601838177673462
2023-02-24,-0.021003279907893524,-0.03129201289670536,-0.025862370437327087,-0.03547014927814862
2023-02-25,0.0010955074797205366,-0.0009807668166905703,-0.00836761779727413,-0.02297469145148734
2023-02-26,0.02186770420947015,0.016648614774302573,0.028780357616977614,0.03253012089003837
2023-02-27,-0.013402281985885556,-0.0016273269569350157,-0.003955786725572508,-0.024230190583231836
2023-02-28,-0.011090428314087353,-0.01596393470118429,-0.01739632556596371,-0.03420505499833071
2023-03-01,0.004752130512362562,0.02156606219747892,0.035829596047825873,0.02692250353966341
2023-03-02,-0.00977626502266038,-0.007235050302163204,-0.009687419299942324,-0.023173510989798807
2023-03-03,-0.03221688136583756,-0.047402129167592566,-0.04744176292568125,-0.026633102003677078
2023-03-04,-0.002683455866428819,-0.0004172164631153219,-0.0014298360099453955,-0.020211554532567844
2023-03-05,-0.002777747617842441,0.0036756935285233716,-0.001566891740346743,0.0005601918807291995
2023-03-06,-0.0022332716568260746,-0.00025655126328649747,0.0018727965263767299,-0.01637730229242773
2023-03-07,0.004473892055130824,-0.00936203961743065,-0.0034870363462051746,-0.01891347463634452
2023-03-08,-0.008559663351127789,-0.022578517406286358,-0.017827171045494916,-0.09007468388657702
2023-03-09,-0.033363517544253485,-0.06239311158608585,-0.0622046937711358,-0.06042206827057872
2023-03-10,0.00044527894811152713,-0.008632183779056501,-0.0066052302026157195,0.0540494226980488
2023-03-11,0.001953141114032997,0.022051846825845045,0.0374056718236595,-0.00097564820960927
2023-03-12,0.042143817027219255,0.07422977009964415,0.07262583079496476,0.11438088968018834
2023-03-13,0.0664067240786439,0.09175187888693825,0.05660340137307651,0.006064853039394524
2023-03-14,0.0014845242276191328,0.022669294883089997,0.013805865867504874,0.02419148429733542
2023-03-15,-0.007259410688789769,-0.014956444322371198,-0.027781826468116,-0.0782229496285971
2023-03-16,0.07402828136690953,0.027766213062754286,0.012700856927151394,0.022785872693674047
2023-03-17,0.02795201464425401,0.0946457745317153,0.06872680134113085,0.09622439469448807
2023-03-18,-0.0222862707992999,-0.01670259464889101,-0.017197040759496796,-0.02002860877086965
2023-03-19,0.016451129242553097,0.039783493752593824,0.013576328363562151,0.033379115551613436
2023-03-20,-0.012034120674295434,-0.00968089417783835,-0.028145110529571027,0.01246663638023704
2023-03-21,0.007167514527389285,0.014714466837708162,0.04116785380048826,0.019922156070765196
2023-03-22,-0.04002725664357931,-0.030820008681536337,-0.03821408090164813,-0.05030363909861679
2023-03-23,0.024695815177968594,0.03759177902540278,0.04528246457522944,0.034277245321662875
2023-03-24,-0.02267077679432805,-0.02967065403073854,-0.035432817130064076,-0.06922344541847991
2023-03-25,0.0009732018273851395,5.17171735541222e-05,-0.0047259232742210555,-0.011229352362125522
2023-03-26,0.019260781184697207,0.018171608313816145,0.01830062623377482,0.025866024697360546
2023-03-27,-0.05454401882824189,-0.03052194511765327,-0.03391154505901961,-0.05024163849513508
2023-03-28,0.007433669104513818,0.004725228944394866,0.033416577391890856,0.027559062279942204
2023-03-29,0.0018551525564145521,0.0396180637553154,0.011403627159211949,0.03130181380159658
2023-03-30,0.008685267076411263,-0.0111074503792854,-0.00014760076254038967,-0.026545809459629033
2023-03-31,0.0014923911285198432,0.015871042968584437,0.016335306922469428,0.030141998820010008
2023-04-01,-0.005749094189907211,-0.0023684272611504964,-0.004479363366151845,-0.009204070440689938
2023-04-02,-0.004088278863449202,-0.00745226498561502,-0.010007641085160612,-0.0209130860302964
2023-04-03,-0.01709382682469296,-0.014507018470504951,0.008124365544173617,-0.004573481349531727
2023-04-04,0.00788321834933381,0.0135971982612757,0.03353483092395293,0.02355662589990759
2023-04-05,0.00986617280359825,0.000351267384649967,0.020368135912491647,0.001977935973358491
2023-04-06,-0.005121646389515289,-0.004749940528704033,-0.018957173846517184,-0.016974086959274715
2023-04-07,-0.005617319075795546,-0.004217681389550476,-0.00389044320067633,-0.006801908965528458
2023-04-08,-0.00020842744244897737,0.0007854922772632111,-0.008650100295806706,-0.021176942836398815
2023-04-09,0.007203052516883135,0.013784839213681899,0.005347206395527104,0.013126864016403728
2023-04-10,0.017600811065100475,0.04658621825410658,0.02786922752961596,0.028714621744009072
2023-04-11,0.013754709376193608,0.019629666758571807,-0.009950684094362172,0.10230985090107936
2023-04-12,-0.011787472994644665,-0.003175315803583212,0.015057915008098277,0.04198642829946908
2023-04-13,0.018793707339163745,0.00862713483952482,0.04787492592582243,0.018636510823518693
2023-04-14,0.013004443411794187,0.002849851088919886,0.044221068526871576,0.013932946674383828
2023-04-15,0.012860768994644944,-0.005484641300179338,-0.004362650507376609,-0.027988208537376824
2023-04-16,0.04443102985879288,-0.00010358775680330279,0.013161051129283452,0.053263373231587474
2023-04-17,-0.02362525122687409,-0.028708571396173888,-0.020642838914618267,-0.03166484594892938
2023-04-18,0.009409988953342996,0.032348662229154,0.013627708647316883,0.01196490375669046
2023-04-19,-0.05969208136433246,-0.0518092051895368,-0.07989115082796949,-0.08610152274368765
2023-04-20,-0.014928677343945096,-0.020008250880993006,0.0034570346864029045,-0.023396240548528957
2023-04-21,0.011906840771816807,-0.034308522518338824,-0.04791204292839435,-0.040723462467699534
2023-04-22,0.03208237901168487,0.01981858797984626,0.013096627764505042,0.025291346592301034
2023-04-23,-0.004145396350613506,-0.008128524647254443,-0.006491537762182253,-0.015408176486520708
2023-04-24,0.0018965788107092596,-0.002393679129772508,-0.010367305335802768,-0.004146591759614515
2023-04-25,0.021372888905881737,0.02841955147295372,0.013021906854120191,0.025065802021403183
2023-04-26,-0.02217918192730961,0.004066170397882152,-0.00010148801571707722,-0.029380849108696427
2023-04-27,0.0011284672254667782,0.036980508331842854,0.022620260136523074,0.04966882431826414
2023-04-28,-0.020214232514399133,-0.00453030993708059,-0.00852560546680392,0.0459340812082385
2023-04-29,-0.007289698778094045,-0.0031279011203009244,0.008667933265241068,-0.00784422787205652
2023-04-30,0.04815004882191265,0.000694680667924441,-0.016759595054255505,-0.01513965902693204
2023-05-01,-0.02642216369189032,-0.04022160164248023,-0.023959134648528724,-0.03702611517214205
2023-05-02,-0.02059937975989723,0.020966033026897257,0.02119837887694409,0.012659742136252206
2023-05-03,0.013232356494649267,0.01135862564681589,0.018100674783592785,-0.0021098645871107102
2023-05-04,-0.007037569377503439,-0.005467695268338013,-0.014148388236346676,-0.02194858589403459
2023-05-05,0.009333136237333672,0.023803407820215394,0.06250016252602375,0.05042543373930619
2023-05-06,-0.012743275105990937,-0.021323001096775096,-0.04753695022846638,-0.03731904257680163
2023-05-07,-0.003603028139604336,-0.015556145829018653,-0.014285377484394957,-0.0059175362356327366
2023-05-08,-0.023754878635592336,-0.026733637409259936,-0.012831132355707098,-0.054328568184161874
2023-05-09,-0.0046422074046124084,-0.0012817829272578907,-0.0002377312267921594,0.00126744385741695
2023-05-10,0.006603714348853318,-0.0013384371045779275,-0.0033547817757508813,0.013056949313028365
2023-05-11,-0.021875764570568612,-0.022481076150133283,-0.02491904665707234,-0.03430562366128065
2023-05-12,0.0029486509252545368,-0.007251596524522896,0.006417609310578776,0.03345283985482017
2023-05-13,0.008048410713796583,-0.0007801573211611013,-0.006584500561665818,-0.002057862586549608
2023-05-14,0.0033720844110010084,0.005471927993601522,0.0024419977119396474,0.004055664252345714
2023-05-15,0.004464479072247229,0.009730726801279843,0.009469003581360047,0.0025671753470333236
2023-05-16,-0.006855444545370681,-0.005738415341494774,0.003615599828306948,-0.015602674349864398
2023-05-17,0.008682288212412903,0.013394867282656264,-0.0012399617404649232,0.018809954499052317
2023-05-18,-0.014731212122478188,-0.02067950762275983,-0.011049755592651422,-0.03416033936183971
2023-05-19,-0.0015911794125544887,0.0021585968530852817,0.0060280790473556944,5.773965918787205e-05
2023-05-20,0.005682456844244177,0.008905016115201336,0.004352088491321071,-0.003165843939649471
2023-05-21,-0.01355965896367517,-0.013850552916312875,-0.00875959777262747,-0.03332478955219054
2023-05-22,0.008935928628067247,0.0036425134576618667,0.0072059805498594365,-0.0034367302847108094
2023-05-23,0.013777363699960965,0.013945303754316907,0.020272418111193735,0.02564402878877492
2023-05-24,-0.02415727405856849,-0.03272302765106416,-0.02927157413235626,-0.040887670815728416
2023-05-25,-0.003919577488040948,0.005368887301425707,0.0032519081412238915,0.0019246461064166276
2023-05-26,0.0070641345180897375,0.009181223884829448,0.012589448704585227,0.005518742373590957
2023-05-27,0.0022987154699194434,0.005578834405180588,0.001328048640957924,0.05464343964459628
2023-05-28,0.02171151643781677,0.0453058267244435,0.04357768640169235,0.018278587373543376
2023-05-29,-0.007836763659277213,-0.0120973437068298,-0.009333783648857619,-0.010196300682886683
2023-05-30,-0.000393450401466211,-0.0015690671469931194,0.004198710144688311,0.03242773731013604
2023-05-31,-0.015457329174825118,-0.01742420455507676,-0.014148207081263298,-0.020211677712655196
2023-06-01,-0.006235351166257952,-0.014683709247646393,-0.006365126223573547,-0.015476225259174359
2023-06-02,0.008101306662687824,0.01601855426947596,0.024194577124557304,0.03684366280347873
2023-06-03,-0.002288938988727285,-0.0064023326039167605,-0.007782967574883282,-0.004799686893848132
2023-06-04,-0.005096907101612258,0.001622799291266075,-0.0010034418002142775,0.031358660407160066
2023-06-05,-0.09263286176400176,-0.05011119223804861,-0.041621061468822385,-0.07992655576192753
2023-06-06,0.016635977069376473,0.057402171630208665,0.040106725970251,0.016110705889808452
2023-06-07,-0.0785238843644227,-0.03277624957004588,-0.027646069882318547,-0.08648683270560686
2023-06-08,0.010628914605495643,0.0061572444403654725,0.0075889075389308225,0.014768062703057083
2023-06-09,-0.005464092193764869,-0.0010503081775867784,-0.003291260341800495,-0.08089995058508614
2023-06-10,-0.08295235536795875,-0.02375852931180167,-0.04773353454780638,-0.09917308752620724
2023-06-11,-0.015267463495620803,0.0034399794195076883,0.0005880658165602348,-0.006216447096392352
2023-06-12,-0.01863482006831363,-0.001452109670044499,-0.006208795362955821,-0.02327099371794239
2023-06-13,0.05556812896314112,0.0006265231396582749,-0.0020034613456795247,-0.011746918070351553
2023-06-14,-0.02589796672966871,-0.030636253390914137,-0.050900745714856144,-0.035398464425033804
2023-06-15,-0.005444946253506888,0.017979087727655774,0.00908834473998854,0.018838174852958467
2023-06-16,0.011994143194162588,0.029365685552642073,0.030710561716126294,0.03718163925282769
2023-06-17,0.022984414336153502,0.006959002900740696,0.006137047622508218,0.02235833237602014
2023-06-18,-0.00213938182370077,-0.006580854145875503,-0.003836597486115201,-0.013564148548626087
2023-06-19,-0.004850310095900312,0.019547852547670663,0.009928009075009792,0.04111911895129783
2023-06-20,0.019641853731865444,0.05498705349618893,0.03134133797581806,0.03497714403500307
2023-06-21,0.006508172457760253,0.06000562340273241,0.05517889834423939,0.03737938638230465
2023-06-22,-0.03407291199303675,-0.0038303689299371557,-0.00955269179506646,-0.03560433623625636
2023-06-23,0.015667048338485534,0.02618280743799839,0.010635170133588723,0.030458794117397714
2023-06-24,-0.03232388359032001,-0.0047815994828226405,-0.008876699741769856,-0.028961234171495875
2023-06-25,0.009436916587893585,-0.002240147837737516,0.01303072137420247,0.019126902897480313
2023-06-26,-0.011547965580935848,-0.006861189753050945,-0.021611739163331922,-0.04132563547923884
2023-06-27,0.0057527174764682165,0.013776598074988877,0.016279430380120807,0.021488761081243313
2023-06-28,-0.028810638691571522,-0.01961401038928634,-0.03266765501002877,-0.038075818820097584
2023-06-29,0.011194833096959789,0.011935868224670187,0.013269412357076016,0.12407790295774968
2023-06-30,0.030601783878466904,0.0010477918298796851,0.04371043993566137,0.05157713129113173
2023-07-01,0.030742834609100544,0.0037019798257575953,-0.004460529742211228,-0.011293608901172147
2023-07-02,-0.0060603570993502665,0.0010033124506771962,0.0066884882472737495,0.04119543320131003
2023-07-03,0.0005047476079169666,0.01749367929268808,0.009265226747700916,-0.010952041152684555
2023-07-04,-0.015785625790205593,-0.012159843310882601,-0.009591755757138554,-0.005057504855226491
2023-07-05,-0.014069832298180374,-0.0085586975402272,-0.013448869712526457,-0.00785467936490225
2023-07-06,-0.02828185972572339,-0.019821224171432172,-0.0324253777759973,0.038778814169613485
2023-07-07,0.014212015459019955,0.014474667943441766,0.01188230609685803,0.08896777611495876
2023-07-08,0.002827544278247718,-0.0016387902600796256,-0.0027066082588487195,0.01743584426062439
2023-07-09,-0.008714053881964445,-0.004004505286051452,-0.0013560608539179286,-0.02334311645721776
2023-07-10,0.04972030026598673,0.008061862007427312,0.009418432035694924,-0.001650134498916156
2023-07-11,0.010835060237255334,0.006788889103658935,-0.0011806808443571848,0.03655652747576488
2023-07-12,-0.01818008463546139,-0.007488490028050299,-0.0033126606963430616,-0.005220295845830059
2023-07-13,0.051101585427843155,0.03568093437476372,0.07178928293005193,0.18419178738674535
2023-07-14,-0.03235243235474061,-0.036280934592069825,-0.03347323429785665,0.027281575028435423
2023-07-15,0.01171707995690996,-0.001261344778969442,-0.004063477540406812,0.02452291524936201
2023-07-16,-0.03362358084281358,-0.001540603578530031,-0.0040304440984128,-0.00026551151632703274
2023-07-17,0.006989982492344948,-0.0034131272874816654,-0.0062566304215256885,-0.018672025763337596
2023-07-18,-0.016730134374361105,-0.009597533349379406,-0.007348051957174251,-0.04942782237775967
2023-07-19,0.003728692290989599,0.0019212301525000086,-0.004527462068031229,0.03240808391033401
2023-07-20,0.006519826520123839,-0.0040752996439197275,0.0010382072011101418,-0.03781174810374244
2023-07-21,0.004349827024661357,0.0039181140710413676,0.0005875092853386832,0.006663987752159262
2023-07-22,-0.01131404576153594,-0.004578641136054662,-0.014358654754347167,-0.03950844921054264
2023-07-23,0.005913007762440969,0.010504447141318263,0.013019001578937539,0.009446155668851652
2023-07-24,-0.014475826128723002,-0.03016908602087709,-0.020744097184215993,-0.05593470406957468
2023-07-25,-0.004761111393863149,0.0017299501204297574,0.00418370782813593,-0.004369654533314726
2023-07-26,0.00485177370939871,0.004365152978824893,0.007761018047494739,0.08152006350803909
2023-07-27,0.006429623520422645,-0.004915119656712763,-0.006304340937255626,-0.003086811867884842
2023-07-28,0.006146562894537633,0.0037163327075591113,0.007733834924120275,-0.0100592122016393
2023-07-29,0.0024768247759661133,0.001284885528077373,0.0033732454481110175,0.012964088411149488
2023-07-30,-0.00020770581006990252,-0.002779902682116475,-0.010326601736203367,-0.036074381596374216
2023-07-31,-0.005794572769169726,-0.0015438698273756435,-0.002944411447533879,-0.022260481152122313
2023-08-01,0.02647790167916475,0.015245275282999904,0.008420470716144157,0.011710985941268737
2023-08-02,-0.02832417690983302,-0.01764989082843693,-0.017471166978973995,-0.03554481238582141
2023-08-03,0.0023571388644809677,0.0009166006009861949,-0.0021495672689105794,-0.022020145984054107
2023-08-04,0.0017194355207881262,-0.0035843942133476636,-0.00404524899760117,0.0069610152977690465
2023-08-05,0.006142793989297735,-0.0010994270766331304,0.0039803978247232585,-0.007081591518826036
2023-08-06,-0.0006616388395250805,-9.347950838400898e-06,-0.004101323417211589,0.024455929746962646
2023-08-07,-0.004123164779092914,0.004776645775930843,-0.00028629506333388566,-0.005043607336700617
2023-08-08,0.01386450118357807,0.020044635853149417,0.015801585470487156,0.04954785049152233
2023-08-09,-0.005124440562713772,-0.006853508270246889,-0.000813535740253668,0.006887697646522195
2023-08-10,-0.010788226139268109,-0.004461964714047806,-0.0019113379853046286,0.009620174489915811
2023-08-11,-0.006447635775176264,-0.001083159880198692,-0.0019608383726750223,-0.0012266427201788055
2023-08-12,0.0023642485841786076,0.0006207965516027425,0.0009558116061818556,0.013174614049316302
2023-08-13,-0.0010000271805190586,-0.004523080645381872,-0.005197573554549306,-0.026653239701951992
2023-08-14,0.0012744404695874678,0.004286776125049352,0.0026671519533285615,0.03712168143925365
2023-08-15,-0.015227092491952643,-0.008096168172366025,-0.009355376145865901,-0.04956630516580085
2023-08-16,-0.020326370268182625,-0.016063173634291772,-0.011644479943617059,-0.045387655360379586
2023-08-17,-0.057501933106296144,-0.07097917151940503,-0.06685956876976196,-0.04830801221901759
2023-08-18,-0.01108877168740463,-0.02306411031148714,-0.014237003254733094,-0.01724926967613427
2023-08-19,0.004103888738890893,0.0017907574452629138,0.005133737190461396,0.025476081900292158
2023-08-20,-0.0016757989930017425,0.00357825614760654,0.009212569995102449,-0.004833964015257042
2023-08-21,-0.027681743277170212,-0.002498831574187843,-0.010435935786971329,-0.02594996770609559
2023-08-22,0.0009276729491407565,-0.0035401882238949023,-0.020018643652328416,-0.03120097459933402
2023-08-23,0.02639485164909927,0.015365306423789304,0.027775287399602888,0.056315245437257966
2023-08-24,0.010384048900489162,-0.01018731988472621,-0.011510825045927042,-0.030897754186458348
2023-08-25,-0.0014422288458331156,-0.004384352975912553,-0.004222744282248891,-0.030443172014060327
2023-08-26,-0.009008393865930775,-0.0015051281432193475,-0.004010015919243992,-0.005506629561102705
2023-08-27,0.009214827421303307,0.0031232321991347956,0.006806932390764242,0.024970602710503886
2023-08-28,0.0016512570307700702,0.0006307866874213364,-0.0030501503607176517,-0.011052100834167522
2023-08-29,0.037236516966026034,0.062101924766441385,0.046759638502996026,0.05952509412599416
2023-08-30,-0.013503513593171146,-0.015512708305083889,-0.014229727451396501,-0.04342638877565563
2023-08-31,-0.03217901236251375,-0.0500340578984273,-0.03487924317662894,-0.05278697559113432
2023-09-01,-0.013699305661667216,-0.005042060225742162,-0.01042023648557433,-0.02063570516770674
2023-09-02,0.0038290082948513326,0.0026384615075991658,0.0052405439035725365,0.008583433900532622
2023-09-03,-0.00022662425911301742,0.0038953327054152,-0.0005544903878390572,0.004360522002407663
2023-09-04,0.003719971261658017,-0.006051329012069284,-0.003949839574139524,-0.004052254955770662
2023-09-05,-0.003342862150844783,-0.0012565113521479931,0.0024386268424532176,0.03964099284517153
2023-09-06,0.0030610330549025733,-0.0010374752516241204,-0.0008429544668591138,-0.03217949962779554
2023-09-07,0.008146143024377883,0.018908652030005024,0.009401700388986578,0.013785385298427766
2023-09-08,-0.010720548690375198,-0.012749181613965876,-0.006955851709160243,-0.01465294126108152
2023-09-09,-0.0015803393327485926,-0.0003851113886439439,-0.0005961990834902897,-0.007805134209926012
2023-09-10,-0.00889224296199631,-0.0024502611024840304,-0.011212034116571123,-0.0615672333502888
2023-09-11,-0.02959623195242589,-0.02592003689674205,-0.04032038506124014,-0.027928613139098113
2023-09-12,0.024074445194420147,0.026654161568650414,0.02628947992827646,0.010747995361935825
2023-09-13,0.007811696022057779,0.01528956036711282,0.009770657090104162,0.026390279640436276
2023-09-14,-0.001691836353205356,0.011870739692642074,0.011807198586281986,0.023654108132355134
2023-09-15,0.008915864155752073,0.0026006171627044328,0.009014288078772026,0.017546046259589998
2023-09-16,0.0036653064463925134,-0.001518755875352329,-0.003909931338625383,-0.0014854733758573602
2023-09-17,0.007002372431918147,-0.0012832501161511578,-0.007537174515831024,-0.016130337359016922
2023-09-18,-0.002133607626117584,0.008294723552398242,0.008904027674040194,0.04384203009420351
2023-09-19,0.005588006187891681,0.017075246134672373,0.0037851668963293505,0.019277496788781878
2023-09-20,-0.013109954614416441,-0.00290724465500225,-0.012566772911124402,0.01341319193929058
2023-09-21,-0.016651083762233898,-0.02080107760178318,-0.02377462631781635,-0.040673196103379494
2023-09-22,0.001693209614876734,0.0004492514240630463,0.005656292418244391,-0.0021010232121106975
2023-09-23,-0.0027954218472446835,-6.686879658768241e-06,0.00036998008129596194,0.0018396288714581654
2023-09-24,-0.01081736030088487,-0.01213588594546644,-0.008159068286052618,-0.005115214260934531
2023-09-25,0.008598443900627917,0.0015864178176880905,0.0047249684583838825,0.0015407018984991971
2023-09-26,0.010970628652605896,-0.0030887894396227633,0.0032073833529786544,-0.019627442580905985
2023-09-27,-0.0018506392313962783,0.005167086436411061,0.0025567531946391053,0.005610766977608428
2023-09-28,0.014579192662378393,0.02537992888096885,0.03467404334555346,0.04326156838514961
2023-09-29,0.0009458525656216299,-0.004064392478456136,0.009112054541902781,0.017188352812561813
2023-09-30,-0.002128000095261373,0.0020881352448591795,0.001929332083119517,0.05391411946757563
2023-10-01,0.01501634155102427,0.037668241913332734,0.037488026069531166,0.11410715971579055
2023-10-02,-0.015084811080692706,-0.016186709920936293,-0.04047897066718298,-0.01949895272406965
2023-10-03,-0.006155725838218329,-0.003661597010505724,-0.00417274556135816,0.0077441534673108325
2023-10-04,-0.00010709379886864046,0.013467601347721292,-0.005340502634588518,-0.01731893092179182
2023-10-05,-0.012808088521289451,-0.01379463216164356,-0.022066302247040315,-0.01947071061814154
2023-10-06,0.013650365322834146,0.01935684447622399,0.021319022529365572,0.03218065556779459
2023-10-07,-0.005577262813424966,0.0007958817661306572,-0.006878172039150754,-0.0058550658081159
2023-10-08,-0.00397657110987748,-0.001206700034343422,-0.0005889506700414993,-0.0017553080438253987
2023-10-09,-0.027274149062044617,-0.012579594744121514,-0.032898895010697204,-0.04852483076959935
2023-10-10,0.013734625868476957,-0.006984500217130485,-0.007655131722261288,-0.0006004444478937554
2023-10-11,-0.00979714094963502,-0.018900326735168282,-0.000930177871406368,-0.00441962416325814
2023-10-12,-0.00631375239428178,-0.0043359541366684295,-0.01701021740023334,-0.032132409262914385
2023-10-13,0.003930731160754597,0.003945769916393171,0.008104020573232784,0.02510057107806385
2023-10-14,0.002746026504313992,-2.4866332556272575e-05,0.002040706057397923,0.00809719958926558
2023-10-15,0.015201262760285106,0.011091823470242623,0.0018086969407560272,-0.004074700532386899
2023-10-16,0.02422709381162158,0.05006744695824206,0.027254540765113022,0.09401184465316614
2023-10-17,-0.014806193439836024,-0.0036367703063566736,-0.02192688186935865,-0.0009856865492914313
2023-10-18,-0.005396802119875144,-0.0030759792019486865,-0.0010793755903444335,-0.022003118555997236
2023-10-19,0.0030552221915196576,0.013818840741083749,0.0023706817647977108,0.0642613638259859
2023-10-20,0.00547813976237399,0.033535830870205396,0.023738984945261166,0.0840388715508451
2023-10-21,0.009443305809644142,0.007932597562652743,0.015353699699918621,0.08702310682572212
2023-10-22,0.016059824834016023,0.002523007395046406,0.020944819993793384,-0.011894906206312061
2023-10-23,0.048705030002189176,0.10309890521346299,0.061290684296216424,0.09692231474533197
2023-10-24,-0.014056358407671277,0.02464145540134477,0.010793585817743923,-0.0533562040420289
2023-10-25,-0.013160651167752335,0.017736456610143003,0.0016588325496480483,0.07666372576723224
2023-10-26,0.004753384158435514,-0.010033147199696724,0.009310588640725426,0.009624091568529058
2023-10-27,0.0055540681245525025,-0.007226928505637331,-0.013300163952285393,-0.03160273415690762
2023-10-28,0.005783123979989924,0.005301518539129857,-0.0019253015900076997,-0.0027215130958996303
2023-10-29,0.006087387886050122,0.013168432293093613,0.01065386858481232,0.036940535827429954
2023-10-30,0.00501424084975266,-0.0010457086417764438,0.008099264721129096,0.06519069064706384
2023-10-31,-0.008092817045868173,0.004794395311462418,0.0035193643267046326,0.10174315427094771
2023-11-01,0.006889974425820844,0.022195613001625203,0.01686288408831138,0.07637759639361996
2023-11-02,0.016328569760239775,-0.014081557224217889,-0.02515781959835861,-0.030244288862851243
2023-11-03,-0.004820626621537927,-0.005893770145759425,0.01786838809609348,-0.01710645546330214
2023-11-04,0.029698419102027085,0.010073356782761111,0.013587684453004512,0.07152967586073489
2023-11-05,0.028922893041144038,-0.0009360829177728069,0.019625953467631962,-0.02616489140616085
2023-11-06,0.04220781045718569,-0.0003419285416157436,0.002998529349214518,0.02158142878762148
2023-11-07,-0.03235811475078776,0.011593090279608864,-0.006165335386688842,0.02288125318222778
2023-11-08,0.0029545890012498965,0.005973294692089626,0.0006345557534326307,0.002258939355471945
2023-11-09,0.01775453040207786,0.029107827327892632,0.12239237144858772,0.05220990693315741
2023-11-10,-0.0017036324968460193,0.01691989303173269,-0.019933988946118864,0.24643121527926137
2023-11-11,0.0013511448906449175,-0.0047145338500075296,-0.012306237463546976,-0.009554277820646773
2023-11-12,-0.015040874441583307,-0.002249209321512735,-0.003666782589169526,0.0009168438161590853
2023-11-13,-0.02546012973050782,-0.014901395821212304,0.004927847225156823,-0.0756320114996406
2023-11-14,0.0038477794985942726,-0.026428838121854925,-0.03708171667973137,0.09500296976833167
2023-11-15,0.047434551834503624,0.06592844558740318,0.04110847506282078,0.15299568002043507
2023-11-16,-0.04333489074936969,-0.04555929205565723,-0.04830442993030459,-0.11693092619379553
2023-11-17,0.008182937356838282,0.012222842746045792,0.0002035665608492998,0.00940935851029634
2023-11-18,0.0008392337180802567,-0.000300039994658885,0.0010219202166552588,0.0016569162654871405
2023-11-19,0.00668307347375352,0.021889527372586093,0.025426483024461932,0.04923429273291968
2023-11-20,0.028579283762996344,0.0024182537251242753,0.004487705105652884,-0.07915693552727532
2023-11-21,-0.10703835207660772,-0.04437779006078835,-0.04211784935612506,-0.08018843448433388
2023-11-22,0.04260826289109909,0.045192824521265385,0.06574813130783852,0.10746219889474551
2023-11-23,-0.010039903206679357,-0.003812712499291715,-0.0010727438851469984,-0.017176834755352144
2023-11-24,-0.0036996552758615797,0.011549062275727495,0.009185000500188556,0.0047186174466382624
2023-11-25,0.006607899932105532,0.0020283973558654633,0.0015669139841998359,0.03481929130065775
2023-11-26,-0.010206221505291269,-0.008404730932136117,-0.010135684364837805,-0.020456424482573676
2023-11-27,-0.019934380824655262,-0.006002091789647501,-0.017384294811873313,-0.04472516406929983
2023-11-28,0.009987994063992645,0.01548599794884531,0.010812167645888104,0.05683775249638723
2023-11-29,-0.010231939371127319,0.0007244373065387055,-0.009470831200383945,0.018141951275310486
2023-11-30,0.0015001542035830706,-0.0038497596002547985,0.011146671092621574,-0.00014357394566821835
2023-12-01,0.0037852128132547236,0.025879947957747618,0.016849107974407973,0.009492888398821453
2023-12-02,0.003304387037306178,0.020356874575942596,0.03764204271297267,0.06736777136870664
2023-12-03,-0.005244798522172078,0.012717964611113297,0.012923071442646705,-0.0124213840330486
2023-12-04,0.02278447463194655,0.05006972516793251,0.022575720663866372,-0.02400622212308956
2023-12-05,-0.008718352990838452,0.05003682455553493,0.02256848231190145,-0.008643154777534079
2023-12-06,-0.007943154184259282,-0.007581629055975703,-0.027107545082919904,0.014888586703127427
2023-12-07,0.015486688289187533,-0.010372985662227885,0.05642353010676748,0.09587379785005545
2023-12-08,0.025489820190171653,0.02018673414826888,0.0004887825441670657,0.1056137000598314
2023-12-09,-0.004802460760584104,-0.009976252913108663,-0.007443253883560597,-0.036596509370270924
2023-12-10,0.008262461187789949,0.0012284421841561866,0.004821233826242777,0.033882665823667724
2023-12-11,0.02789649034010999,-0.05792335792051162,-0.054361666168691425,-0.05807727855308242
2023-12-12,0.032765536484922864,0.005004157345118276,-0.010132601687358522,-0.025956596682744304
2023-12-13,-0.008140259876993183,0.03475299863154757,0.02661652224701272,0.03249317324008061
2023-12-14,0.004428629589341426,0.0031062756659134827,0.02474087211166509,0.06856999625364191
2023-12-15,-0.03408825079469724,-0.025432678020983368,-0.041976420815141524,-0.04299561690074005
2023-12-16,-0.0022354985126168403,0.007401888090740938,0.0034195392373013167,0.015262270561489988
2023-12-17,-0.020637032406767064,-0.02072563201266564,-0.013671449108484612,-0.03365817892429113
2023-12-18,0.008525178489130036,0.030433584522719714,0.009466157195896718,0.04713545192549473
2023-12-19,0.046773691944704376,-0.008282083715112631,-0.017769968394459656,-0.01825747414193224
2023-12-20,0.02956876228307226,0.032687613405284255,0.011037752537226941,0.12606508994801358
2023-12-21,0.04282547466338338,0.0049688697318006625,0.017090198956007274,0.14190786216872997
2023-12-22,0.00047894918750768234,0.002934864092908329,0.03883937127050796,0.044205298470833876
2023-12-23,5.330355531341091e-05,-0.005872083923035065,-0.007512713750621014,0.09785894559512487
2023-12-24,-0.024591307778002336,-0.01653939964043194,-0.018775823775668332,0.04545767511799781
2023-12-25,0.008901057728333939,0.013879063861056418,0.003032022219169095,0.07699898437715125
2023-12-26,0.11464966988365366,-0.025055253200995553,-0.0180837485401647,-0.06991311556732271
2023-12-27,0.08728481902060237,0.021694364920222586,0.06599907965814755,-0.05016953008596181
2023-12-28,-0.00024202690128538595,-0.01876027694786908,-0.013105185204343561,-0.04596386766499694
2023-12-29,-0.030037933957342444,-0.012396896798793966,-0.019967696347748753,0.04120234176813198
2023-12-30,0.010473614508799578,0.0013658151137276864,-0.003748980355657072,-0.0420126703124476
2023-12-31,-0.014914890951535975,0.002568622223877659,-0.004622136062972015,-0.0033311761243637328
2024-01-01,0.006313603785466304,0.0450049945064126,0.031057455259582145,0.07884139969639015
2024-01-02,-0.007329558144498649,0.017900939051301412,0.001491520357524756,-0.02645873256751896
2024-01-03,0.014602399252646281,-0.04692812036242189,-0.06158087263741796,-0.07519644338747822
2024-01-04,0.021912121951856545,0.03108057856532498,0.02636019798833411,0.06575524047490622
2024-01-05,-0.01900407639768098,-0.0003900067727314882,-0.00017226204489362296,-0.04852366521856277
2024-01-06,-0.03041670660208684,-0.003928567037593367,-0.011911266210730354,-0.061223693990271943
2024-01-07,-0.01593258250948615,-0.0010479313368322307,-0.008368389496710593,-0.0488119160609648
2024-01-08,0.005315000316872931,0.06889378335779228,0.04956067963271038,0.09536791843255332
2024-01-09,-0.011574014451382397,-0.017687130611972357,0.005055408575588727,0.016553191087653074
2024-01-10,0.013691211608551024,0.010577584004972662,0.10119141078079541,0.026394267707596564
2024-01-11,0.011814856503377325,-0.005558733892443213,0.014529094117638142,-0.020812683307920188
2024-01-12,-0.03910264325224255,-0.07581464687080208,-0.036325484903951155,-0.08195952297498421
2024-01-13,0.018868029350245008,-0.0002516769882185965,0.020653007406344237,0.04371020799043879
2024-01-14,-0.010508529205774497,-0.0244177193838242,-0.04050173658734413,-0.016681372085292634
2024-01-15,0.06191555857889641,0.01712351907901466,0.01582473361444947,0.0037934162134745097
2024-01-16,-0.007371677459753201,0.015124600939588229,0.030392806292802277,0.033195901210679946
2024-01-17,-0.01948083003221701,-0.009553782672285682,-0.022924597112815248,0.04544529196465663
2024-01-18,0.013612707602899343,-0.034639725632667706,-0.024264882460276693,-0.0765468302426131
2024-01-19,0.0032160589426377673,0.00863620644230223,0.009112105809166549,-0.009175336768590281
2024-01-20,0.00846305713070894,0.0011336255217606617,-0.007997363142403069,-0.00874144384554898
2024-01-21,0.0042854152613507335,-0.0028752933279206916,-0.006347624922185768,-0.01859574391629526
2024-01-22,-0.040467881871792066,-0.049064374667218136,-0.05830959162402838,-0.07953493231178588
2024-01-23,-0.023026389410664483,0.008560013431039293,-0.030352942295125973,0.007793271341035801
2024-01-24,-0.017802949223565845,0.005810521700930993,-0.0031795028247356694,0.052892677802373944
2024-01-25,-0.003999262808698889,-0.0035747525934159974,-0.007096988643921831,-0.02076811207157314
2024-01-26,0.035621875068931885,0.04715459322091098,0.022315585616102362,0.06391074063221902
2024-01-27,0.01159982540502269,0.007250269707417489,0.0003026990938410634,0.018615361430420307
2024-01-28,-0.002776794313853248,-0.002005242826170095,-0.004708017139361198,0.018847752836800513
2024-01-29,0.01879622844623796,0.029799801358818767,0.02651747163790663,0.058670038282171655
2024-01-30,-0.010444757437178875,-0.007753530092744043,0.011838016077853064,-0.0009224381271621951
2024-01-31,-0.0231301648575738,-0.00861423582021903,-0.02642328277923489,-0.04379754510172951
2024-02-01,-0.0005832204825407805,0.011581441842771323,0.009323048929214206,0.008430345406305051
2024-02-02,0.0032616373618821193,0.0025556346111748063,0.0018288626271742991,0.026509084393388394
2024-02-03,-0.004709347537546149,-0.0044831659668692625,-0.005199115184661651,-0.025493089979901185
2024-02-04,0.016672753483510494,-0.009505619472114146,-0.002827560592065126,-0.024550707071494426
2024-02-05,-0.012732825672030046,0.0017632602500394778,0.0040806224708709316,0.0007509775173408784
2024-02-06,0.006169468934313249,0.009986338686479135,0.03189061801573012,0.013735578006402793
2024-02-07,0.016267834340772946,0.028630850081180936,0.021728004179265792,0.042516585241940685
2024-02-08,0.036528093153462615,0.022188248784866804,-0.0015837568973957605,0.017888406048072403
2024-02-09,0.015587444828561114,0.040741037427910465,0.02793873689875137,0.040352889506253486
2024-02-10,-0.0021874985864610563,0.013236801662479536,0.005512587075457986,0.020556128632161386
2024-02-11,-0.007261213184062476,0.010940478338881565,0.002535668266889557,-0.014992785275250164
2024-02-12,0.022310947769342837,0.034461993507690414,0.060036360595147054,0.041838737760317546
2024-02-13,-0.009380808217761882,-0.004319233922406296,-0.005993216346274366,0.00523744144231042
2024-02-14,0.028866309037186566,0.041900916949929146,0.05136545149773286,0.0390570747685941
2024-02-15,0.06122689720734087,0.0021583350882306007,0.016730812227639058,-0.02801350167401273
2024-02-16,0.01742141812676823,0.004267512618200353,-0.007324619212465078,-0.02861487388048789
2024-02-17,-0.02211826557444252,-0.009532306269177337,-0.006070139812886177,-0.013236332016175023
2024-02-18,-0.009147280292539972,0.008895163192163213,0.03313106792926823,0.029276390008283748
2024-02-19,0.006083094431091229,-0.006588364620277343,0.022430254937596983,-0.006145293610626323
2024-02-20,0.008688919991863386,0.009767068832988945,0.02375647368863687,-0.02713978787492033
2024-02-21,0.0667112078836749,-0.008524364120598982,-0.014318281375232278,-0.03074341049837992
2024-02-22,0.009173316383840557,-0.010305082651198116,0.0002194536901753974,-0.032869648557987574
2024-02-23,-0.01751440520683678,-0.011168964874795462,-0.01661023205546175,-0.016869273393049444
2024-02-24,0.01711531919128717,0.016540904827679226,0.02420809632265497,0.04180719384132603
2024-02-25,0.017836431968539568,0.003143945229742817,0.04020580227502868,-0.006530373788124488
2024-02-26,0.033694775151521084,0.053914352844811164,0.021298694046122835,0.06249225655493684
2024-02-27,-0.016552609298319032,0.04700762695380023,0.0206120684504405,-0.013923483759070598
2024-02-28,0.052597974676620085,0.09493531994124749,0.04351478842287437,0.08916216167323987
2024-02-29,-0.038465564161607735,-0.020900898468654838,-0.012932076026531347,0.06488076457710679
2024-03-01,0.020091223255907398,0.020298739001094468,0.02786849665007196,0.03403733387711316
2024-03-02,0.007785743219241192,-0.006578811548619723,-0.003785719397915277,-0.0022326430490907656
2024-03-03,0.00826111767232729,0.01833832389535761,0.020146944548209422,0.0057878612442707755
2024-03-04,0.0112320716689156,0.08173591649219114,0.039942835603055116,0.021032542353531802
2024-03-05,-0.05816617389921874,-0.06628402455760396,-0.02078793930730316,-0.05621752220175413
2024-03-06,0.08703711550851523,0.03613733749494208,0.07433596350833915,0.04005600659843678
2024-03-07,0.1078727180743817,0.012384196927533564,0.01443259270225794,0.10123631162228164
2024-03-08,0.026938312057717573,0.020539401213709896,0.0045719642318817755,0.0087664625525119
2024-03-09,0.0030069020193361773,0.0029105240064184468,0.006001424424042279,-0.004356801332485727
2024-03-10,0.08132359371004627,0.007604594828588107,-0.00874129449649308,-0.0006367006539318432
2024-03-11,-0.01257471801888932,0.04497430707429584,0.047730671374699885,0.029310268550758467
2024-03-12,0.028978731493335186,-0.008909905479502545,-0.021190960052674845,0.015223300548605101
2024-03-13,0.17233970073051674,0.022414410239567806,0.006578402189656218,0.08492092713834598
2024-03-14,-0.04372712069759732,-0.0230819028918976,-0.030779476587110888,0.07836883507990655
2024-03-15,0.0494438560689161,-0.027911980219644583,-0.03809292261097419,0.03557251286047958
2024-03-16,-0.08853878063909348,-0.05891115205258901,-0.05685343706857138,-0.005926556534215366
2024-03-17,-0.009864564489409089,0.04708722796395115,0.03393634003909307,0.11129968766018639
2024-03-18,-0.028942146700544846,-0.0123120859035869,-0.0341608641249429,-0.03033200793877866
2024-03-19,-0.08561888005367457,-0.08343356981432348,-0.10243560798455653,-0.1325379161842648
2024-03-20,0.09786279815971288,0.09692504638897836,0.11267192037115104,0.12665457867472507
2024-03-21,-0.006201306635766457,-0.03566706353999505,-0.0058068810073729216,-0.06436385819422885
2024-03-22,-0.002656430599688786,-0.02615044343853401,-0.04560653406668436,-0.02710088220837914
2024-03-23,0.00018295772061671656,0.004444134671348854,0.0008717090110383907,-0.008381654137970318
2024-03-24,0.02920074930374872,0.04951388799118828,0.035378137308897495,0.06171812962335732
2024-03-25,0.03421298906611803,0.04052464020923141,0.039438972943898865,0.03001570153615707
2024-03-26,-0.012388078900180344,0.00041486463910467286,-0.0009409678643157449,0.008548167297044218
2024-03-27,-0.009719746673026664,-0.007608353371227561,-0.024359450730277232,-0.022749855053399437
2024-03-28,0.015246476127502184,0.018567460837021654,0.017479056214108946,0.017493757873022098
2024-03-29,0.050383254624431384,-0.01204502883045766,-0.013896014686989755,0.013744862715933337
2024-03-30,-0.01900179601322527,-0.0035414711944022903,-0.0010996667352133338,0.01122413656106902
2024-03-31,0.009803847892750017,0.02424203264779501,0.03988435846648297,0.04366881538011924
2024-04-01,-0.05027439282247226,-0.022871394296192005,-0.03915351882861429,-0.05080147438704907
2024-04-02,-0.04461373809349589,-0.061047985989492126,-0.0649910010049034,-0.05917690989590041
2024-04-03,0.020589390919121486,0.008156830210526378,0.010437847565395009,0.022499885246778373
2024-04-04,0.041674476793876813,0.038314642609167615,0.00561647566373269,-0.006966296891886992
2024-04-05,-0.011059361288524028,-0.009797320875087778,-0.0033498911937862585,-0.05140628899808963
2024-04-06,0.01209028996412953,0.015602971156545964,0.010635674717235144,0.025293956496301062
2024-04-07,-0.0031821325600386308,0.006770270726916605,0.02960803456678729,0.004105362411640501
2024-04-08,0.004791571098221148,0.03270935878474601,0.07001548335394525,0.006317390030672998
2024-04-09,-0.010343513296106388,-0.03479403115822832,-0.051451781685670994,-0.046304534191723756
2024-04-10,0.05036514099351819,0.0209558550176423,0.011004831112360725,0.005937713481163787
2024-04-11,-0.008507230420539358,-0.007469744331340511,-0.010861205883757163,-0.004964284617694381
2024-04-12,-0.014074655570107897,-0.04088948430588779,-0.07480580700184813,-0.10975374371185054
2024-04-13,-0.0705595648879368,-0.05021729270691988,-0.07342952756850973,-0.09303696402716788
2024-04-14,0.023306232525198034,0.03004089104268326,0.050597851556279494,0.08571198295381555
2024-04-15,-0.025288199346045537,-0.03517737178558533,-0.01753011445356112,-0.08445203593484762
2024-04-16,-0.02721262365460342,0.006080330797783695,-0.005377925568445963,-0.01609498241823204
2024-04-17,-0.006346492814858662,-0.03972884891052719,-0.03247819118850337,-0.032383099161792606
2024-04-18,0.033225245869286324,0.03649124077498622,0.027238683519387852,0.07747412572717693
2024-04-19,0.004920862520487956,0.005208661031110617,-0.0022012272375354636,0.004209520430194402
2024-04-20,0.028962945477800428,0.018026421268684478,0.032147655318233825,0.05924470540148352
2024-04-21,0.015166414616440305,-0.0010431180502996629,-0.0032741746890918577,-0.016702089283166743
2024-04-22,0.04478032048251923,0.029433758205850147,0.017273130222613897,0.056671451424440855
2024-04-23,0.0020891477903743905,-0.006439574982440521,0.0057031560320381924,-0.014837242466814837
2024-04-24,0.002052406055352174,-0.03208044676017341,-0.024878460883124842,-0.04496511073378173
2024-04-25,0.009733628308191467,0.0031863484195515657,0.005320185415315981,-0.019310463917536436
2024-04-26,-0.026546299162473308,-0.011265004482557628,-0.008346157799679732,-0.03994544870545991
2024-04-27,-0.0033209072047378774,-0.005272966802647994,0.03897667565831631,0.01570640943483692
2024-04-28,0.007303167889052498,-0.004823625063903991,0.0032613458524253236,-0.024295949458325472
2024-04-29,-0.01206511760181439,0.011533090916022948,-0.01451087129353712,-0.0005785562503445307
2024-04-30,-0.024194407732277323,-0.050191249309274655,-0.06317729070733402,-0.07848898218483735
2024-05-01,-0.029524956245803424,-0.03929695449375714,-0.014109611457047588,0.060374168872830314
2024-05-02,-0.001570104821511209,0.014924669552331737,0.0061902767768931,0.023668989804917384
2024-05-03,0.04724788673809055,0.06370405294167747,0.03861011747338838,0.043232530356595245
2024-05-04,-0.0019827235107712227,0.015926845790239064,0.004522066678476877,0.0164322258375309
2024-05-05,0.01074312575597669,0.002185896653241981,0.006310224609351378,-0.0028879284735985333
2024-05-06,-0.006188445897946204,-0.013574390387488533,-0.02375337855399917,0.048652964165785795
2024-05-07,-0.0186749280979589,-0.01309542885757653,-0.01833385054066039,-0.030549753157011916
2024-05-08,0.01854804939664123,-0.018398626419713127,-0.010949302229649516,-0.039420873080513674
2024-05-09,0.013319564218300828,0.03043115176709965,0.0209719132026831,0.07417847202294636
2024-05-10,-0.01746515345831623,-0.035799920573900024,-0.041577205332458456,-0.04339577210099377
2024-05-11,0.010938281996332622,1.5356984674586016e-05,0.0006223095933592937,-0.006172520636900436
2024-05-12,0.004048234058796174,0.010768936188532141,0.005873005038939505,-0.012342645524046625
2024-05-13,-0.00474009174609602,0.023646747788683697,0.007053539594945368,0.02620888432431978
2024-05-14,-0.04208859114022567,-0.02144084393922019,-0.023124226599441355,-0.035658980584410194
2024-05-15,0.02711685001757691,0.07659609250545496,0.05410973083044013,0.11375334869485765
2024-05-16,-0.022134791614630833,-0.01563225228621834,-0.030267969283067964,0.0058767627683871115
2024-05-17,0.02106167176356122,0.02790508695432159,0.050587747570991715,0.06544950371389868
2024-05-18,-0.0011996396565184808,-0.0016564833198177142,0.009317781735288744,0.017746599253273043
2024-05-19,-0.010076963574233933,-0.009895869986810912,-0.0163646468279689,-0.014186835757603933
2024-05-20,0.04521971605239217,0.07800174241430358,0.19272223475749883,0.09659008386660317
2024-05-21,0.029643113590389403,-0.018358253231772315,0.03424187347472718,-0.045058548453849157
2024-05-22,-0.006061565497960442,-0.01446030042296964,-0.013747867811565229,-0.0070480475489633765
2024-05-23,-0.026031836250285934,-0.017255976976508713,0.010625410415868064,-0.004947394249275372
2024-05-24,0.002597510374290124,0.008781729788116976,-0.013236335392203924,-0.04653136229338706
2024-05-25,0.00327971006195682,0.010796524727518797,0.005984006837891798,0.003818404710705492
2024-05-26,-0.003933165179356046,-0.010796814497022966,0.020447066274494885,-0.03019949126389465
2024-05-27,0.006169290651137027,0.012791671360530277,0.017279442451079374,0.04068072410422241
2024-05-28,-0.0038327590616551444,-0.015827408107827234,-0.013296607756030476,-0.007913656989173234
2024-05-29,-0.010381026809598626,-0.01051485738366742,-0.020066320442424512,-0.0034282114907286942
2024-05-30,9.201866799224412e-05,0.011644282841286824,-0.0043438931992773044,-0.006521854982350583
2024-05-31,-0.0025283828904517636,-0.012778150001159894,0.0035168216840502087,-0.008018021426350774
2024-06-01,0.013111318381739734,0.0031933460054698326,0.014141485892959826,0.002372404166727682
2024-06-02,0.002864460470445529,0.0006596674454519835,-0.00847135927884124,-0.016748482168803425
2024-06-03,0.038814824471446796,0.015544720172089965,-0.0038368778068711418,0.010251481809176566
2024-06-04,0.09541073698409064,0.025622992224831664,0.01224693121792586,0.04170700557269025
2024-06-05,0.018490180849409787,0.007298724608017615,0.013572433260235606,0.009784433385252367
2024-06-06,0.016561484442218166,-0.004581363662391591,-0.0136261576231963,-0.019982890881610427
2024-06-07,-0.03814843040647864,-0.01999201273457618,-0.03488734358684775,-0.04416737725452902
2024-06-08,-0.0010182038776419544,-0.0005308786729295578,0.0006308874002707299,-0.027925846816666433
2024-06-09,-0.01369610469078264,0.00493781012787653,0.006779189544245501,0.026047533723249527
2024-06-10,-0.07266798518220119,-0.0019485261992140401,-0.010574014146293997,-0.019468833100443006
2024-06-11,-0.03496027450367811,-0.03136496113771259,-0.04592308012417712,-0.05976943801199497
2024-06-12,0.027610148463703243,0.013502581655740586,0.01751895888957078,0.038470320264172964
2024-06-13,-0.0317828052907041,-0.021757960505889518,-0.025378125970065946,-0.05067191151926842
2024-06-14,0.006114051935081299,-0.011164543099157487,0.003168011430681794,-0.028646115480219447
2024-06-15,0.00766333654102036,0.0027253941690672523,0.024503138996214258,0.016197551738210025
2024-06-16,0.003703665395592415,0.006768999939568809,0.015429295002475696,0.03929028456719941
2024-06-17,-0.009157664361376217,-0.0022321747830370553,-0.03015678941117861,-0.051554695041811205
2024-06-18,-0.02608124142419832,-0.02029695827328193,-0.007887929643914382,-0.04067608056800642
2024-06-19,0.017104816389752697,-0.0027701435671353414,0.021720130807989513,-0.013777009768226267
2024-06-20,-0.01948079748215037,-0.00202647819256907,-0.013558805157003362,-0.01575583435754635
2024-06-21,-0.00203583180409439,-0.011298352821403679,0.0014208618736464285,0.008356308083743436
2024-06-22,0.008280153060847173,0.0024397531859308152,-0.006047141456727134,-0.006821248837493243
2024-06-23,-0.022940640869621,-0.01668075089399379,-0.02180421377772701,-0.03800261477660416
2024-06-24,-0.016688444133000413,-0.04595356431233677,-0.019995095208515723,0.028392242262114342
2024-06-25,0.01854428337921532,0.025336630415439876,0.013363963957398806,0.03265097203369449
2024-06-26,-0.009862698641535106,-0.016072632592061153,-0.007526226555239823,0.0003657169571991137
2024-06-27,0.014668864522531022,0.013048951973404943,0.0223545777563241,0.09398516690333336
2024-06-28,-0.02467948303657952,-0.020853310881755127,-0.02065854031739267,-0.06520632669232729
2024-06-29,0.004701456337355081,0.009403861104374522,-0.00019806905467367741,0.0021957048810117286
2024-06-30,0.02221545874198405,0.029413551620566913,0.017765182101838528,0.04629911271123044
2024-07-01,-0.00873911977018249,0.002771094932125795,0.0021708806286613314,0.0007001695322716994
2024-07-02,0.003978117443526941,-0.013093697885290578,-0.0069722194841920215,0.04846972922751913
2024-07-03,-0.03869439109696726,-0.02990687070088416,-0.03613149037734886,-0.08437885160353287
2024-07-04,-0.07650907942454022,-0.05311634426354228,-0.07239623520151972,-0.09365780495532139
2024-07-05,-0.031126184290617864,-0.005534237213954074,-0.023873895979977133,0.05345727784832244
2024-07-06,0.05959599902612567,0.02896391234041995,0.029440346500360093,0.06602578755986377
2024-07-07,-0.07023507368123483,-0.042097439142912196,-0.045608825587177826,-0.08005440026656852
2024-07-08,0.040767619091101936,0.015326802715911692,0.03049945952793487,0.058354457247132174
2024-07-09,0.011660186394680139,0.02299844211812685,0.015006640664742665,0.013514271994212734
2024-07-10,0.015386983939886356,-0.004598069730556098,0.01246259146908213,0.00443119662603797
2024-07-11,0.0011849406988555522,-0.006885432015347748,-0.0006085771524413364,-0.042905982722264424
2024-07-12,0.016413326945504236,0.009670444019596935,0.010911055279745563,0.026822962607533585
2024-07-13,-0.002638855219163183,0.023013827240820017,0.013732565354943382,0.017179040317546468
2024-07-14,0.023424321225296474,0.026266900915231206,0.021050106325543716,0.040143336420750186
2024-07-15,0.07584601027748317,0.06715755212726138,0.0756682020158721,0.08339972728520606
2024-07-16,-0.01630506485507377,0.003499237870556282,-0.013193469233778732,0.0038634984357577284
2024-07-17,-0.013304678687447336,-0.01502916014346345,-0.0159026492788078,-0.030941857804007045
2024-07-18,0.005341449143263288,-0.0022571629283560934,0.011067820433664055,0.022420746227084898
2024-07-19,0.03802876450748238,0.042768734230136385,0.023196240831611536,0.06357764099081331
2024-07-20,-0.00021887043528179273,0.0067979482134701286,0.003868103950767088,0.02781507364198288
2024-07-21,0.013947741547196468,0.014753144342986024,0.0049186148294897425,0.06124398613850346
2024-07-22,-0.02315092290327392,-0.00835268752223095,-0.027197137968854812,-0.0301467184174391
2024-07-23,-0.009896345112793248,-0.02452573786440093,0.012084550339342526,-0.03475683278115105
2024-07-24,-0.012920568570026214,-0.008426492953570563,-0.04183132330756956,0.03053258127654157
2024-07-25,-0.006726865630736878,0.00619673448871394,-0.04852986825503891,-0.034090606191115924
2024-07-26,0.018160714942664358,0.032455548053117234,0.031981885880926875,0.06497700219667268
2024-07-27,0.0008791664955425382,-0.0014537411892032726,-0.008651992126869734,0.005180199245995443
2024-07-28,0.004317145027716629,0.006525726007755361,0.007345926636807887,0.0043494727094273156
2024-07-29,-0.016190785095917537,-0.021037797689324123,0.015000836945357587,-0.01138800732278955
2024-07-30,0.022661951042937778,-0.009262185475442442,-0.012609873928464688,-0.020097324344384715
2024-07-31,-0.0192234250992257,-0.023893373992326827,-0.01444857310697567,-0.04065183678709661
2024-08-01,-0.0021191932917768996,0.011424614182306447,-0.009201015429318393,-0.024175815588218907
2024-08-02,-0.05604059935452954,-0.06032105869640059,-0.06732685619396284,-0.08966243074615787
2024-08-03,-0.02474389895945217,-0.011967302150066583,-0.02767149249716494,-0.06365530011649156
2024-08-04,-0.061271717812358295,-0.04223983565450573,-0.07473578631090383,-0.034052930560454775
2024-08-05,-0.06521050530126005,-0.07098647891315102,-0.10020575290203382,-0.0593298007488855
2024-08-06,0.04239293604323713,0.03783671505322772,0.01717585219975959,0.10954556846505503
2024-08-07,-0.020851875541537446,-0.017968550940289485,-0.049673947786168404,0.00375967398862187
2024-08-08,0.0909120862283137,0.12144256099404904,0.14840580649003665,0.12651856406356665
2024-08-09,-0.01576304692582331,-0.013450358103773374,-0.03121250061300085,-0.03973176569881387
2024-08-10,0.02776001221224056,0.001079157301276501,0.004009971491242048,-0.01596632590763425
2024-08-11,-0.037287282208752104,-0.036529632368097475,-0.021751054706288353,-0.08075070952365282
2024-08-12,0.029240701263160807,0.010814659848586317,0.0670437834865365,0.034815889935034594
2024-08-13,0.010784990423386098,0.021144992390795814,-0.007619940833063277,0.0017647380580900762
2024-08-14,-0.00021601612237198697,-0.0308911115194338,-0.015074713930707695,-0.01901151361684905
2024-08-15,-0.007909994878554705,-0.020041310813293967,-0.03485922591835067,-0.008182424231629515
2024-08-16,0.0001890213577697697,0.023175912946963972,0.008987583355268836,-0.023925413068319634
2024-08-17,0.042821093050657844,0.00993082725079053,0.008237105726658145,0.017712849002449627
2024-08-18,-0.01959620286705288,-0.016728732324455264,-0.00045503000041835495,0.005559831815813876
2024-08-19,0.05306598005895369,0.01726094125025579,0.009164158253623267,0.012320946893887408
2024-08-20,0.016877102578348735,-0.008079210921579816,-0.024342815448445854,-0.008146868803984186
2024-08-21,0.0013223085558178305,0.03664287570061453,0.02265299333570292,-0.0031999519111942654
2024-08-22,0.022862657552255694,-0.012967304646127387,-0.003208978571182075,0.003842240091730398
2024-08-23,0.01501435925802097,0.061482671821355916,0.05394518732020126,0.06875117696530841
2024-08-24,-0.01866122120635505,0.0013205019089592707,0.0017879260896347393,0.04979955204421427
2024-08-25,-0.011213312415240928,0.0024081210374646833,-0.007305556877908126,-0.011339588042814097
2024-08-26,-0.044269810600210846,-0.022583597070127692,-0.024668333251928187,-0.01052325521102393
2024-08-27,-0.02706150512933836,-0.05369739018896724,-0.08302340092495786,-0.06575927278062887
2024-08-28,0.0053190996885124076,-0.00800797843742207,0.02834351973360194,-0.02046130859636308
2024-08-29,-0.0003548528082830682,0.006108236397788236,0.00014918325787260933,-0.026668424165854243
2024-08-30,-0.0024409482403187077,-0.004524521990973862,-0.0011747515310726042,-0.013952047707592286
2024-08-31,-0.004518497792742937,-0.002530098940268344,-0.004920466505769938,-0.019737427270761554
2024-09-01,-0.03809696593190415,-0.027885585694078285,-0.034014349489517204,-0.04937202198359836
2024-09-02,0.02700670130835059,0.031172733823612075,0.04542394894641233,0.049046439449343726
2024-09-03,-0.01475912596293727,-0.02844504270361159,-0.04632577672207194,-0.05499742017956455
2024-09-04,-0.020915942250012698,0.00941156177702851,0.011721576032903469,0.04723658250950602
2024-09-05,-0.011325122164542845,-0.031240343288065575,-0.03317283105091118,-0.03199729187267142
2024-09-06,-0.030208228165060746,-0.03938239218868078,-0.06075888100671323,-0.03354913846664265
2024-09-07,0.01298697717161379,0.003539165966313096,0.022587006825558698,0.02185366403911826
2024-09-08,0.019816503294078025,0.012964221602682846,0.010195557730363625,0.017757001027614017
2024-09-09,0.030904953911493838,0.039713831911113884,0.026635352920471922,0.03874237248463519
2024-09-10,-0.002047117844753976,0.011034389872275785,0.013185970725884122,0.00451472753143034
2024-09-11,0.024561550423986445,-0.005300015516934153,-0.020815155801287455,-0.023134349346776162
2024-09-12,0.026612410537075082,0.013669279499548104,0.009376782595058808,0.027506322733314104
2024-09-13,0.023358821100053717,0.04205082955798245,0.03379882152498004,0.021731981678053236
2024-09-14,-0.006199086058313097,-0.00934732588201681,-0.009424724345186375,-0.013808437452316524
2024-09-15,0.0007356435392480432,-0.013703582981947293,-0.04039471590968735,-0.041408358021288505
2024-09-16,-0.03639750285414223,-0.016733367188517922,-0.011036044683605084,-0.00020376089703066924
2024-09-17,0.02286298263603359,0.0363626062794542,0.020225853753695455,0.000490472120617591
2024-09-18,0.023865718834333416,0.02223798894564699,0.011966155926492306,0.018662212742914575
2024-09-19,0.012841472124878184,0.020937291974474137,0.04009875947956032,0.06600715840155602
2024-09-20,0.004170742155389373,0.004012038411551844,0.039078907942797114,0.026117523943698595
2024-09-21,0.035971539652745355,0.003194394254405042,0.021391493792606076,0.020197176547113838
2024-09-22,-0.001614581509218227,0.004004601863112578,-0.012613314361003103,-0.031588859893928234
2024-09-23,0.02768147595238135,-0.005010473135318549,0.025430636221980274,7.82941609627219e-05
2024-09-24,0.003569101103794603,0.01535087678718594,0.0021931251720292977,0.0557757443026492
2024-09-25,-0.03160725969717648,-0.018021597802944433,-0.028242759218479185,-0.03184420265989618
2024-09-26,0.016045520900358934,0.032273891570151925,0.020474339471486358,0.05102350172350656
2024-09-27,0.018583305727698063,0.00935309904070647,0.024200548885121798,0.013972862448244694
2024-09-28,-0.010363787871287666,0.0014741358273548943,-0.006810923232421495,-0.005309093371250628
2024-09-29,-0.008570955766680766,-0.003829909793174213,-0.006794350426726936,0.01094072561317927
2024-09-30,-0.04887755854951503,-0.035130555094979754,-0.021164662339909768,-0.03789149609736353
2024-10-01,-0.03395786244205801,-0.039357521968434894,-0.059215476810716816,-0.048018976997009855
2024-10-02,-0.009643827926737347,-0.0033568819965540397,-0.03417400898294953,-0.03375546303723764
2024-10-03,0.0031557168577471817,0.0020882627636797935,-0.006528083382423278,-0.02564631531900885
2024-10-04,0.020129914609636756,0.021528753876634443,0.027663174452933648,0.04669427378704594
2024-10-05,0.014089257386326492,0.0003620681473552878,0.0003469822452661919,-0.003216583121406158
2024-10-06,0.013021018748173185,0.011741093613744757,0.010070213255379601,0.026140955014654965
2024-10-07,-0.011205129949682147,-0.009269383518558882,-0.0074432160600884645,-0.016734069676439534
2024-10-08,0.02881176722479184,-0.001682150134457161,0.007450745129958358,-0.004148613818935276
2024-10-09,-0.017447693777179252,-0.024944762232405493,-0.029328705566008972,-0.028445233874509368
2024-10-10,-0.013241616748298046,-0.005077433013489285,0.0065762664129611625,-0.0030658750213440333
2024-10-11,0.018004275410726578,0.036011743668549645,0.022088362462288513,0.04674786543152076
2024-10-12,0.006271247099175259,0.011977460447594401,0.016420909144015505,0.007697976185015998
2024-10-13,-0.008028543013099743,-0.005406426515387475,-0.00357202041554483,0.007318371556090275
2024-10-14,0.029867238099690496,0.050830232433260125,0.06533387483978648,0.06690067847086234
2024-10-15,0.008980732328034868,0.015064992457922477,-0.00870247272142377,-0.017304457584390698
2024-10-16,0.011155707599518339,0.008526251733136592,0.0019493612019787498,-0.003143759361034837
2024-10-17,-0.014610416161483952,-0.0031485616380424464,-0.0026152226716711358,-0.025404203882628762
2024-10-18,0.012373122121835944,0.015118035686984221,0.014314475606500121,0.031000767324619538
2024-10-19,-0.0023192473805487834,-0.0008192879217548965,0.002689606589697968,0.030091262711191114
2024-10-20,0.012614087198808743,0.009346740674458287,0.03688927328017333,0.04573095809885652
2024-10-21,-0.011065333011316403,-0.023678423698328066,-0.029366775513825272,-0.004330579545778646
2024-10-22,-0.009112807456344796,-9.567341618454961e-05,-0.01707410468059689,0.0062765825508031
2024-10-23,-0.018348483241632185,-0.01379441121005398,-0.04240086191916037,0.021955905732769176
2024-10-24,0.02005481574190071,0.02602442034118191,0.010123020035770258,0.03641461808682411
2024-10-25,-0.03349494875615222,-0.022280180844656217,-0.03888913398757343,-0.06999466070958382
2024-10-26,0.014893228737924202,0.00558625096700216,0.017927081761059283,0.03610814643527016
2024-10-27,0.010140129096174899,0.01364777618155344,0.01062161945285034,0.03422980131372966
2024-10-28,0.020179938458475988,0.029125296867722028,0.02370665487957191,0.008811764022592872
2024-10-29,0.008445284358007843,0.04023493905417541,0.02830390688093809,0.007051148434286558
2024-10-30,-0.01641233347599469,-0.005238593875544262,0.007359875554762585,-0.024731028383304987
2024-10-31,-0.03305764463667238,-0.029366396164960396,-0.05327564692788833,-0.03713008934232842
2024-11-01,-0.005680591844517191,-0.010435331387529279,-0.001555695771857435,-0.01287099704771455
2024-11-02,-0.008250305808621516,-0.0027804900426771084,-0.00828735806127956,-0.001514387414643048
2024-11-03,-0.01830022730899139,-0.00791112711687536,-0.013907007819047301,-0.020836324390463123
2024-11-04,-0.009989383126833284,-0.013523338185854272,-0.024181043059307794,-0.029554972598231366
2024-11-05,0.02090483357182249,0.02282879023690776,0.010690023242502233,0.0568967415139745
2024-11-06,0.0503594239686731,0.09053568676993895,0.12445812465100636,0.12135376973709078
2024-11-07,0.01087960409310007,0.003513808689745934,0.06292423408548897,0.05017152333171926
2024-11-08,-0.0008146031718834212,0.008439738809541852,0.023038926949513483,0.018358536856811103
2024-11-09,0.04419489777617902,0.0030490452928257916,0.05699898471735465,0.0012799160632710471
2024-11-10,0.006290766494407629,0.048129393514959595,0.01922197042565066,0.05204331959804187
2024-11-11,0.053453101521763635,0.10223522760015435,0.05749377681988088,0.05710907099083884
2024-11-12,-0.05270287965357112,-0.008406532091926988,-0.0380926778784183,-0.046756143922522364
2024-11-13,-0.009574965265173763,0.029882636380625716,-0.016530228997185037,0.013912822536254588
2024-11-14,0.0010947008635044941,-0.03680261786927608,-0.041861613246530704,-0.02772264309421102
2024-11-15,-0.004525896198429802,0.04373133907381366,0.014414035918883572,0.04242366250343421
2024-11-16,0.005666349886010336,-0.005573223886622736,0.00974315294018413,-0.010298628677901767
2024-11-17,-0.006383764105426737,-0.007869224693816235,-0.01838725437104416,0.10065701866742871
2024-11-18,0.001674321228259279,0.007755383808848215,0.04298093890177013,0.009339006727789423
2024-11-19,-0.005566453909814806,0.019892819836786257,-0.030073793436219964,-0.0070756535919846986
2024-11-20,-0.016022947309136892,0.02161166598491282,-0.012597623598885388,-0.011230225453652487
2024-11-21,0.02756703528044402,0.044151545428309014,0.09402613638837987,0.09192885348594904
2024-11-22,0.017158992499990422,0.005004201495724558,-0.008763062239896535,-0.0021286787554156694
2024-11-23,0.027913911712759587,-0.012327389984975179,0.019396849109391878,-0.005224431224692516
2024-11-24,0.014005433951285617,0.002419161787646784,-0.009588143309746888,-0.008852576982199545
2024-11-25,-0.03585828647825795,-0.05011051933125821,0.01483028442427825,-0.07303870920489441
2024-11-26,-0.03620953713099928,-0.011997304040733403,-0.0254945044570557,-0.014794047625943496
2024-11-27,0.05111123887821112,0.04323745271515378,0.09942287996365606,0.049026361022546316
2024-11-28,0.014595191976103372,-0.0032310787967048116,-0.021173767078749073,-0.01872953574535452
2024-11-29,0.0006848202803808601,0.018912786163713058,0.003822229533186672,0.024332917343244276
2024-11-30,-0.0007339396180400248,-0.010388394458550332,0.03122613408711894,-0.023838092982634174
2024-12-01,0.0024503455006743557,0.008613193542348574,0.0014733272945559595,-0.0028341980956786417
2024-12-02,-0.01271169328761923,-0.01454037255458307,-0.018044617264257212,-0.04772320096752092
2024-12-03,0.1391335384443706,0.0014276215513644441,-0.0064449882448404106,0.03740372356956234
2024-12-04,0.002109474756836649,0.02881567529768403,0.06093260244895049,-0.021695206166679415
2024-12-05,-0.033724306400052084,-0.022020788503929523,-0.007893814272854183,0.021296372390190887
2024-12-06,0.024756800365977494,0.03444474217316973,0.051115670898385535,0.013044380694812174
2024-12-07,0.024953825883369918,2.627082989481444e-05,-0.0007783493216640958,0.006314619038261027
2024-12-08,-0.009299272473133335,0.013136868131795154,0.0007524841828581152,-0.007862677271002871
2024-12-09,-0.07180356369223717,-0.03756861480096407,-0.07165135464156769,-0.08167778361036404
2024-12-10,-0.01875780550493067,-0.007772430783165474,-0.02335679484361486,-0.016181200236736415
2024-12-11,0.05144663282991724,0.04652269534294651,0.055340716460503314,0.0637074588905755
2024-12-12,-0.008242615233095218,-0.011169293200355757,0.013118151777930187,-0.0018471139992630725
2024-12-13,0.028770839835762674,0.014156490833941326,0.007237451638409276,-0.009643898415846897
2024-12-14,-0.01453917103168434,-0.0008504799301751742,-0.010942930708463194,-0.02222289786512155
2024-12-15,0.004804554135363626,0.02886101293644905,0.02159439944037822,0.017362157056707517
2024-12-16,0.0016576565382502295,0.016596788984881483,0.00899299697642908,-0.03274069769401311
2024-12-17,-0.00505862355040454,0.001045771070669721,-0.02525776168846805,0.02996171177779683
2024-12-18,-0.0405461498198878,-0.057462106019896764,-0.06894545380539963,-0.07376009218136848
2024-12-19,-0.03061913213778622,-0.025495268879325628,-0.05550562793804503,-0.058615790073723306
2024-12-20,0.017278432007407307,0.002717960528709318,0.015982047785855658,-0.0003929274627473278
2024-12-21,-0.02183663371639255,-0.005433973434635808,-0.038971625917780583,-0.06645818580321372
2024-12-22,-0.021973796124124645,-0.021802983021374844,-0.01788530954448675,-0.006246711349115253
2024-12-23,0.06828379645511284,-0.004402456102765462,0.042181162840310815,0.053198843113092975
2024-12-24,0.005397422117285222,0.04213760595334648,0.022327047913535125,0.038130147579974905
2024-12-25,0.008017059750913935,0.0063146152104343045,0.00033949884489303805,0.0024877084383401193
2024-12-26,-0.019886546579559683,-0.03528406928650052,-0.04637807223950974,-0.04689596011864949
2024-12-27,0.003006093583914682,-0.017022260795415023,-0.000693089573747363,-0.02332205545460575
2024-12-28,0.04421837173725773,0.010609799867287384,0.02072306150150305,0.06084508145876999
2024-12-29,-0.0377338060764838,-0.017167251608511402,-0.014240820106154684,-0.02702003152168786
2024-12-30,0.014979051551079037,-0.00948373223930199,0.0020537760301735375,0.0067658591661654555
2024-12-31,-0.0044868854986935824,0.008484077565384274,-0.0071090729967826505,-0.009231969355264602
2025-01-01,0.00788326028568287,0.010602195613021781,0.006293237021109732,0.024353502121998494
2025-01-02,-0.0011809416917166748,0.026129247147606893,0.029189893122086197,0.07166164438363887
2025-01-03,0.01128695973771654,0.012597729955682757,0.04450875524089293,0.04803594183731308
2025-01-04,0.0002769335400556461,0.0013128146911018934,0.014617719482165947,-0.005163805722504966
2025-01-05,-0.006420035476668362,0.0008014800420892421,-0.006452957745802013,-0.014907442627107859
2025-01-06,0.028398377073320935,0.03827621924594227,0.01499890260780301,0.024974964184751203
2025-01-07,-0.04391442995940498,-0.05050430525956884,-0.08323835401301194,-0.07540525869563075
2025-01-08,-0.002196453396433262,-0.019388436629511285,-0.016337951334858714,-0.023098440984257396
2025-01-09,-0.015400773784107424,-0.026929603222076492,-0.03213713091240178,-0.0634431457539566
2025-01-10,0.012412006822617228,0.023976181025154863,0.014927896012281394,0.013802946226221247
2025-01-11,0.004373240054440508,-0.001424047578467369,0.004507369034684849,0.0022195217205234208
2025-01-12,-0.005181249552086764,-0.0008264678561502592,-0.004955978757455792,0.0030046733591579944
2025-01-13,-0.006898165488511854,0.00029724205673309356,-0.03994285558798849,-0.030361740848244834
2025-01-14,0.015040914462059574,0.021345722040169157,0.028124644018336253,0.025505124309210148
2025-01-15,0.022055995076088575,0.041129999632577796,0.07037072715887938,0.09820206987226787
2025-01-16,-0.008025461416803714,-0.0074383335632930425,-0.041208762051769265,0.025819353303090153
2025-01-17,0.01899264568704817,0.04716598568833419,0.05010419171097702,0.03973798218135505
2025-01-18,-0.01707723193597377,-0.000516635042589142,-0.0484491750950794,0.19236785459054673
2025-01-19,-0.03837052369055427,-0.03178356737719257,-0.02928958236001966,-0.043087780044815616
2025-01-20,-0.0005872653600220712,0.009170622908047932,0.02152440391061483,-0.03326651820303306
2025-01-21,0.014686411714395442,0.040479676535688514,0.015061109347230373,0.0336988699562506
2025-01-22,0.004577262276281413,-0.023488299826845638,-0.026201080984625813,0.027249209956323517
2025-01-23,-0.006877115698665226,0.002962783076025932,0.029161404946970837,-0.014703017645661731
2025-01-24,-0.014474768882107636,0.008265785680243276,-0.007544628669076459,-0.000370790900180884
2025-01-25,0.008902058779429955,-0.0010001569662844156,0.0023310081774501334,0.010705492155908436
2025-01-26,-0.028421383011810075,-0.019406534499448846,-0.02445844485711024,-0.05931937467904669
2025-01-27,0.019541464509534645,-0.005792734886665207,-0.017679695057172262,-0.024115420366390694
2025-01-28,-0.02702111578531141,-0.007397669160641884,-0.0320259233300908,-0.03348081204795139
2025-01-29,0.009466188295785383,0.023395602825692086,0.011662386097330613,0.003261240618644523
2025-01-30,0.014779196923988991,0.009952379879751394,0.0432961927853559,0.048600407575034366
2025-01-31,-0.00026303846541197995,-0.022249243050878498,0.015544497153892722,-0.030897587627558898
2025-02-01,-0.035345902791806716,-0.017080384621634526,-0.05455489961504678,-0.07707240190816955
2025-02-02,-0.05483696055752718,-0.02947596219670423,-0.08005434100956466,-0.04988838819709196
2025-02-03,-0.0007769719814731957,0.03804365081173988,0.005533453740142802,0.06414915718925251
2025-02-04,-0.07096336659015856,-0.034846278405663456,-0.05183287439003281,-0.04190432314838666
2025-02-05,-0.0062458727683673,-0.012836943218062724,0.01927853557646908,-0.05361789510447257
2025-02-06,0.00443558482069073,-0.00022924323774897726,-0.035647794157377954,-0.03171443099297355
2025-02-07,0.010122397942521788,-0.0006647556256734743,-0.024620471517087794,0.012816185344775688
2025-02-08,0.06099188400184263,-0.00048309597099249757,0.0038506311160004802,0.038475907733081405
2025-02-09,0.005409652826872113,0.00018283765004545316,-0.0013627424019899692,0.0044972933600764264
2025-02-10,0.00271214752277138,0.009714611676219231,0.0123427150611084,-0.0007042720867762586
2025-02-11,0.03925634213236995,-0.017345724709743937,-0.02193953673434812,-0.011848852683595812
2025-02-12,0.08629189363753365,0.02233406885677658,0.051529524214203315,-0.006104367701140312
2025-02-13,-0.04263357327551687,-0.012892487184132717,-0.022287794557012575,-0.011753855993687279
2025-02-14,-0.01531382742571763,0.009160278803397981,0.018755901306300338,0.028153293033148508
2025-02-15,0.006510294083683199,0.0007320640697474623,-0.011933472391497446,-0.027276687508738462
2025-02-16,0.0177753887752905,-0.014401672980240199,-0.011228225310643603,-0.030828966720850115
2025-02-17,-0.010193972222111602,-0.004176223623530095,0.029994109419593684,-0.05728084956703605
2025-02-18,-0.029653542697729685,-0.0024415545387781457,-0.026925068435387,-0.048429658031399536
2025-02-19,0.009377422765625587,0.011472343504350446,0.017394617624989728,-0.0004346135783533933
2025-02-20,0.005640698278772671,0.017574558032842136,0.009063900656951951,0.04164281692826455
2025-02-21,-0.01567473697202737,-0.02245807176184722,-0.029459697666460616,-0.04065494030789929
2025-02-22,0.03350633401775038,0.0047043783073406065,0.039243345090012705,0.01936878065122216
2025-02-23,-0.01596093967744361,-0.0031460239332733453,0.020723733255699095,-0.02395836518472927
2025-02-24,-0.06678891565469236,-0.05043681513571874,-0.10898801644535905,-0.1550161969811522
2025-02-25,0.014622677616543012,-0.029337712021491935,-0.008047015853369976,0.01491850504807779
2025-02-26,-0.019661164880932946,-0.04946290046952739,-0.06502260921668868,-0.06437147020524459
2025-02-27,-0.009119797473313707,0.004234922709094535,-0.01113823258073876,0.020688622598628914
2025-02-28,-0.029204044321229028,-0.003910297790814532,-0.029312322518993406,0.07563689438777654
